Date,Volume,Turnover,Open,High,Low,Close,Change,Trades
2021-01-04,39489959.0,21127581248.0,530.0,540.0,528.0,536.0,6.0,33316.0
2021-01-05,34839391.0,18761831567.0,536.0,542.0,535.0,542.0,6.0,28512.0
2021-01-06,55614434.0,30572783229.0,555.0,555.0,541.0,549.0,7.0,55462.0
2021-01-07,53392763.0,30018630685.0,554.0,570.0,553.0,565.0,16.0,47905.0
2021-01-08,62957148.0,36339702855.0,580.0,580.0,571.0,580.0,15.0,56426.0
2021-01-11,52771778.0,30535694908.0,577.0,584.0,574.0,584.0,4.0,49539.0
2021-01-12,52605212.0,30958142918.0,583.0,597.0,582.0,591.0,7.0,59595.0
2021-01-13,75707681.0,45419255149.0,595.0,605.0,593.0,605.0,14.0,59966.0
2021-01-14,90309708.0,53477747672.0,587.0,597.0,587.0,592.0,-13.0,111849.0
2021-01-15,100998199.0,61876473170.0,621.0,625.0,601.0,601.0,9.0,105961.0
2021-01-18,50388664.0,30406611574.0,608.0,608.0,594.0,607.0,6.0,49008.0
2021-01-19,52947466.0,32934404720.0,618.0,632.0,613.0,627.0,20.0,55490.0
2021-01-20,95484470.0,61279319857.0,633.0,650.0,631.0,647.0,20.0,95577.0
2021-01-21,97590371.0,64624578866.0,640.0,679.0,640.0,673.0,26.0,115004.0
2021-01-22,134238314.0,88023707664.0,649.0,665.0,649.0,649.0,-24.0,235186.0
2021-01-25,98608285.0,62583576696.0,642.0,646.0,626.0,633.0,-16.0,154134.0
2021-01-26,114797609.0,71638808826.0,632.0,640.0,610.0,617.0,-16.0,177764.0
2021-01-27,72823691.0,44931754892.0,618.0,625.0,611.0,615.0,-2.0,77274.0
2021-01-28,104181514.0,62647021616.0,600.0,608.0,598.0,601.0,-14.0,157835.0
2021-01-29,96875889.0,58399782288.0,619.0,619.0,591.0,591.0,-10.0,129394.0
2021-02-01,70161939.0,42004241697.0,595.0,612.0,587.0,611.0,20.0,81346.0
2021-02-02,80724207.0,50938461582.0,629.0,638.0,622.0,632.0,21.0,82687.0
2021-02-03,59763227.0,37926170035.0,638.0,642.0,630.0,630.0,-2.0,56515.0
2021-02-04,47547873.0,29765963971.0,626.0,632.0,620.0,627.0,-3.0,44668.0
2021-02-05,57350831.0,36435290641.0,638.0,641.0,631.0,632.0,5.0,51140.0
2021-02-17,115578402.0,76728732025.0,663.0,668.0,660.0,663.0,31.0,91925.0
2021-02-18,54520341.0,36024245089.0,664.0,665.0,656.0,660.0,-3.0,49914.0
2021-02-19,51651844.0,33676514428.0,656.0,657.0,647.0,652.0,-8.0,63171.0
2021-02-22,39512078.0,25885948680.0,660.0,662.0,650.0,650.0,-2.0,47116.0
2021-02-23,52868029.0,33779796222.0,641.0,643.0,633.0,641.0,-9.0,73349.0
2021-02-24,80010637.0,50333904697.0,627.0,636.0,625.0,625.0,-16.0,138264.0
2021-02-25,45279276.0,28634410089.0,636.0,636.0,628.0,635.0,10.0,46506.0
2021-02-26,137933162.0,84194194399.0,611.0,618.0,606.0,606.0,-29.0,212428.0
2021-03-02,57792973.0,35565213485.0,621.0,622.0,609.0,609.0,3.0,71325.0
2021-03-03,61171387.0,37550028241.0,609.0,622.0,601.0,622.0,13.0,57677.0
2021-03-04,75508388.0,45662897489.0,609.0,611.0,601.0,601.0,-21.0,143916.0
2021-03-05,85579527.0,50968119396.0,588.0,605.0,584.0,601.0,0.0,127693.0
2021-03-08,47676630.0,28737004484.0,608.0,610.0,598.0,598.0,-3.0,84570.0
2021-03-09,74471341.0,43957092621.0,585.0,595.0,585.0,595.0,-3.0,119867.0
2021-03-10,41735443.0,24904320192.0,601.0,601.0,593.0,597.0,2.0,54196.0
2021-03-11,55462783.0,33584884382.0,596.0,612.0,595.0,609.0,12.0,47948.0
2021-03-12,33876990.0,20780886905.0,615.0,618.0,609.0,614.0,5.0,36145.0
2021-03-15,29767904.0,18194081208.0,614.0,614.0,609.0,611.0,-3.0,26753.0
2021-03-16,37780820.0,23074187740.0,610.0,613.0,607.0,613.0,2.0,37573.0
2021-03-17,43942131.0,26638906800.0,612.0,612.0,602.0,604.0,0.0,68585.0
2021-03-18,30223846.0,18286667342.0,606.0,609.0,602.0,602.0,-2.0,31677.0
2021-03-19,74960854.0,44407634402.0,594.0,598.0,591.0,591.0,-11.0,106938.0
2021-03-22,35931375.0,21250445678.0,588.0,598.0,586.0,593.0,2.0,55005.0
2021-03-23,31933358.0,19057386513.0,597.0,603.0,593.0,594.0,1.0,36423.0
2021-03-24,115318351.0,66559451738.0,571.0,582.0,571.0,576.0,-18.0,242138.0
2021-03-25,74225812.0,42594849855.0,572.0,581.0,570.0,575.0,-1.0,115951.0
2021-03-26,37937242.0,22271364837.0,582.0,592.0,580.0,590.0,15.0,49718.0
2021-03-29,40573913.0,24302039570.0,599.0,602.0,596.0,599.0,9.0,44500.0
2021-03-30,34686346.0,20661203325.0,600.0,600.0,592.0,597.0,-2.0,46755.0
2021-03-31,44454672.0,26217366895.0,596.0,597.0,587.0,587.0,-10.0,70527.0
2021-04-01,45972766.0,27520742963.0,598.0,602.0,594.0,602.0,15.0,48170.0
2021-04-06,37664216.0,23045132094.0,615.0,616.0,608.0,610.0,8.0,42422.0
2021-04-07,28140964.0,17175949080.0,614.0,614.0,608.0,610.0,0.0,28395.0
2021-04-08,26658283.0,16217570357.0,606.0,613.0,603.0,613.0,3.0,32098.0
2021-04-09,31601619.0,19344167081.0,618.0,618.0,609.0,610.0,-3.0,28920.0
2021-04-12,23319822.0,14155495430.0,612.0,613.0,603.0,605.0,-5.0,33422.0
2021-04-13,27386926.0,16638680378.0,604.0,613.0,604.0,605.0,0.0,30438.0
2021-04-14,31144922.0,18868308243.0,608.0,612.0,600.0,612.0,7.0,41234.0
2021-04-15,36394255.0,22332532476.0,612.0,619.0,607.0,619.0,7.0,40541.0
2021-04-16,49952191.0,30335377876.0,610.0,611.0,603.0,610.0,-9.0,67601.0
2021-04-19,25234976.0,15224292755.0,605.0,607.0,601.0,603.0,-7.0,43094.0
2021-04-20,36655069.0,21969721089.0,598.0,602.0,595.0,602.0,-1.0,54247.0
2021-04-21,41893725.0,24933016553.0,599.0,599.0,592.0,592.0,-10.0,92840.0
2021-04-22,38094824.0,22626436436.0,596.0,598.0,591.0,591.0,-1.0,64897.0
2021-04-23,29004756.0,17336162729.0,592.0,602.0,590.0,602.0,11.0,29147.0
2021-04-26,32426908.0,19673836650.0,605.0,610.0,603.0,610.0,8.0,35286.0
2021-04-27,26761401.0,16274064043.0,608.0,611.0,605.0,610.0,0.0,25203.0
2021-04-28,24601487.0,14833592900.0,606.0,608.0,601.0,602.0,-8.0,32198.0
2021-04-29,35756460.0,21579514979.0,609.0,609.0,600.0,600.0,-2.0,30756.0
2021-05-03,46801189.0,27676378065.0,595.0,597.0,588.0,588.0,-12.0,104468.0
2021-05-04,45507479.0,26756714081.0,588.0,594.0,582.0,591.0,3.0,69833.0
2021-05-05,31786592.0,18603594408.0,594.0,594.0,585.0,585.0,-6.0,52496.0
2021-05-06,33165446.0,19405281385.0,590.0,590.0,580.0,587.0,2.0,69578.0
2021-05-07,28719597.0,17131817777.0,594.0,600.0,589.0,599.0,12.0,30063.0
2021-05-10,21365583.0,12626811276.0,596.0,597.0,588.0,589.0,-10.0,43154.0
2021-05-11,66035839.0,37939364597.0,579.0,580.0,570.0,571.0,-18.0,184838.0
2021-05-12,138328672.0,76325765887.0,567.0,571.0,518.0,560.0,-11.0,223058.0
2021-05-13,71519430.0,39495488180.0,547.0,563.0,541.0,547.0,-13.0,105026.0
2021-05-14,38625148.0,21474513930.0,556.0,562.0,552.0,557.0,10.0,52919.0
2021-05-17,58446847.0,32066868553.0,544.0,558.0,541.0,549.0,-8.0,76808.0
2021-05-18,44584258.0,25226153189.0,563.0,573.0,555.0,572.0,23.0,52152.0
2021-05-19,29610174.0,16832735286.0,571.0,572.0,565.0,567.0,-5.0,34443.0
2021-05-20,36605692.0,20670883290.0,567.0,571.0,560.0,567.0,0.0,32301.0
2021-05-21,28009899.0,16016851343.0,572.0,577.0,568.0,573.0,6.0,27050.0
2021-05-24,15981036.0,9090836697.0,570.0,572.0,566.0,568.0,-5.0,20189.0
2021-05-25,35445350.0,20525932956.0,576.0,584.0,573.0,583.0,15.0,39032.0
2021-05-26,19555305.0,11433686898.0,587.0,588.0,581.0,585.0,2.0,21034.0
2021-05-27,70061002.0,40643804852.0,580.0,582.0,573.0,582.0,-3.0,37545.0
2021-05-28,30720737.0,18082265480.0,587.0,592.0,582.0,590.0,8.0,31581.0
2021-05-31,31557426.0,18751716595.0,595.0,597.0,590.0,597.0,7.0,29798.0
2021-06-01,18405285.0,10985893229.0,598.0,599.0,595.0,598.0,1.0,20318.0
2021-06-02,22416789.0,13362065937.0,600.0,600.0,593.0,595.0,-3.0,25170.0
2021-06-03,31703679.0,18939839664.0,600.0,600.0,596.0,596.0,1.0,20749.0
2021-06-04,16072580.0,9521252157.0,591.0,595.0,590.0,595.0,-1.0,19112.0
2021-06-07,17729179.0,10471176330.0,594.0,595.0,583.0,592.0,-3.0,25364.0
2021-06-08,14083552.0,8312653665.0,590.0,595.0,588.0,589.0,-3.0,14051.0
2021-06-09,21575159.0,12618113390.0,586.0,588.0,583.0,586.0,-3.0,36405.0
2021-06-10,29741770.0,17696413894.0,591.0,599.0,587.0,599.0,13.0,30487.0
2021-06-11,24940705.0,15011140567.0,602.0,603.0,600.0,602.0,3.0,25271.0
2021-06-15,30245897.0,18415370774.0,607.0,609.0,606.0,609.0,7.0,33515.0
2021-06-16,28624508.0,17401326587.0,608.0,608.0,605.0,605.0,-4.0,25816.0
2021-06-17,26477032.0,15924656516.0,601.0,606.0,598.0,606.0,0.0,21061.0
2021-06-18,42036170.0,25373026235.0,608.0,608.0,601.0,603.0,-3.0,16899.0
2021-06-21,47339695.0,27749202661.0,590.0,594.0,583.0,583.0,-20.0,109204.0
2021-06-22,30578091.0,17786329582.0,585.0,588.0,578.0,578.0,-5.0,56057.0
2021-06-23,36386023.0,21500052844.0,583.0,598.0,581.0,595.0,17.0,34454.0
2021-06-24,19322765.0,11435647488.0,598.0,598.0,588.0,590.0,-5.0,18494.0
2021-06-25,19140086.0,11355715486.0,598.0,598.0,589.0,591.0,1.0,16850.0
2021-06-28,15401977.0,9056869217.0,590.0,590.0,586.0,590.0,-1.0,20825.0
2021-06-29,30837548.0,18350027611.0,598.0,598.0,591.0,595.0,5.0,24078.0
2021-06-30,34021380.0,20301841661.0,599.0,599.0,595.0,595.0,0.0,20097.0
2021-07-01,18719706.0,11116195742.0,596.0,597.0,591.0,593.0,-2.0,20565.0
2021-07-02,19633718.0,11562140245.0,590.0,593.0,587.0,588.0,-5.0,24056.0
2021-07-05,30274105.0,17957255325.0,588.0,597.0,588.0,591.0,3.0,21836.0
2021-07-06,13830591.0,8185167307.0,595.0,596.0,589.0,592.0,1.0,15751.0
2021-07-07,17329148.0,10250342169.0,590.0,594.0,588.0,594.0,2.0,18023.0
2021-07-08,21596183.0,12733045117.0,595.0,595.0,588.0,588.0,-6.0,23352.0
2021-07-09,30602492.0,17821338170.0,582.0,585.0,580.0,584.0,-4.0,51232.0
2021-07-12,33011596.0,19612592644.0,595.0,597.0,590.0,593.0,9.0,28636.0
2021-07-13,54894335.0,33158730436.0,600.0,608.0,599.0,607.0,14.0,60121.0
2021-07-14,39670241.0,24276719505.0,613.0,615.0,608.0,613.0,6.0,43173.0
2021-07-15,23057868.0,14117908308.0,613.0,614.0,608.0,614.0,1.0,29913.0
2021-07-16,61882128.0,36562482701.0,591.0,595.0,588.0,589.0,-25.0,86192.0
2021-07-19,43248966.0,25135531384.0,583.0,584.0,578.0,582.0,-7.0,86753.0
2021-07-20,16352855.0,9502338666.0,579.0,584.0,579.0,581.0,-1.0,27956.0
2021-07-21,26476215.0,15440430690.0,586.0,586.0,580.0,585.0,4.0,32757.0
2021-07-22,27075950.0,16014166571.0,589.0,594.0,587.0,591.0,6.0,23365.0
2021-07-23,15705191.0,9206201715.0,592.0,592.0,583.0,585.0,-6.0,23635.0
2021-07-26,22442745.0,13089591086.0,591.0,591.0,580.0,580.0,-5.0,37826.0
2021-07-27,18925325.0,10997959654.0,581.0,584.0,580.0,580.0,0.0,20197.0
2021-07-28,39744486.0,22884618824.0,576.0,579.0,573.0,579.0,-1.0,75078.0
2021-07-29,25014772.0,14525643464.0,585.0,585.0,577.0,583.0,4.0,26868.0
2021-07-30,26141286.0,15170421873.0,581.0,582.0,578.0,580.0,-3.0,16353.0
2021-08-02,24948096.0,14593329483.0,583.0,590.0,580.0,590.0,10.0,19791.0
2021-08-03,28104984.0,16655446605.0,594.0,594.0,590.0,594.0,4.0,20221.0
2021-08-04,23714971.0,14132827829.0,598.0,598.0,594.0,596.0,2.0,18228.0
2021-08-05,15673765.0,9343887536.0,598.0,598.0,593.0,596.0,0.0,15495.0
2021-08-06,13994018.0,8275142201.0,596.0,596.0,588.0,591.0,-5.0,13742.0
2021-08-09,17611955.0,10366798182.0,590.0,595.0,583.0,595.0,4.0,15068.0
2021-08-10,17620825.0,10435618093.0,596.0,596.0,589.0,591.0,-4.0,13983.0
2021-08-11,20311399.0,11943131619.0,590.0,590.0,585.0,590.0,-1.0,18548.0
2021-08-12,16031265.0,9383967628.0,586.0,588.0,584.0,586.0,-4.0,15202.0
2021-08-13,25440973.0,14769155709.0,585.0,585.0,579.0,581.0,-5.0,36198.0
2021-08-16,19949389.0,11612486234.0,582.0,586.0,578.0,584.0,3.0,17055.0
2021-08-17,31845499.0,18475506150.0,580.0,582.0,578.0,580.0,-4.0,19184.0
2021-08-18,47063629.0,26855353529.0,568.0,575.0,566.0,574.0,-6.0,86118.0
2021-08-19,42133375.0,23766228074.0,573.0,573.0,559.0,559.0,-15.0,119048.0
2021-08-20,47741449.0,26565551162.0,560.0,563.0,551.0,552.0,-7.0,72684.0
2021-08-23,34775337.0,19688362857.0,560.0,572.0,559.0,566.0,14.0,30421.0
2021-08-24,27397309.0,15697269609.0,574.0,575.0,571.0,572.0,6.0,21032.0
2021-08-25,28867651.0,16769849402.0,579.0,585.0,574.0,585.0,13.0,29096.0
2021-08-26,45027320.0,26834160811.0,601.0,603.0,591.0,594.0,9.0,42735.0
2021-08-27,29459532.0,17596859741.0,596.0,600.0,593.0,599.0,5.0,31217.0
2021-08-30,40606821.0,24425472555.0,602.0,605.0,599.0,605.0,6.0,43096.0
2021-08-31,58916407.0,35867753009.0,604.0,614.0,598.0,614.0,9.0,46791.0
2021-09-01,31242788.0,19126702297.0,614.0,614.0,608.0,613.0,-1.0,30125.0
2021-09-02,26715492.0,16341803689.0,613.0,615.0,607.0,607.0,-6.0,26153.0
2021-09-03,53915006.0,33278648609.0,610.0,620.0,610.0,620.0,13.0,62288.0
2021-09-06,59223061.0,37250623087.0,623.0,638.0,621.0,631.0,11.0,77024.0
2021-09-07,27422775.0,17191259166.0,634.0,634.0,623.0,623.0,-8.0,29823.0
2021-09-08,38713621.0,23960375113.0,622.0,627.0,612.0,619.0,-4.0,38267.0
2021-09-09,19309522.0,11886107760.0,612.0,620.0,610.0,619.0,0.0,19569.0
2021-09-10,16740439.0,10365721937.0,615.0,623.0,614.0,622.0,3.0,17067.0
2021-09-13,15809768.0,9734528161.0,619.0,620.0,613.0,615.0,-7.0,21779.0
2021-09-14,16024935.0,9849961184.0,618.0,618.0,612.0,613.0,-2.0,13569.0
2021-09-15,26041452.0,15872971715.0,610.0,613.0,607.0,607.0,-6.0,24839.0
2021-09-16,23315040.0,14030697248.0,603.0,607.0,599.0,600.0,0.0,31437.0
2021-09-17,42383815.0,25510152115.0,600.0,610.0,599.0,600.0,0.0,18681.0
2021-09-22,42732169.0,25056693727.0,586.0,589.0,583.0,586.0,-14.0,70389.0
2021-09-23,22736266.0,13406035166.0,588.0,593.0,588.0,588.0,2.0,22991.0
2021-09-24,17302848.0,10289114839.0,591.0,598.0,590.0,598.0,10.0,15796.0
2021-09-27,20034221.0,11993300562.0,600.0,602.0,593.0,602.0,4.0,16349.0
2021-09-28,17325896.0,10291543822.0,595.0,596.0,592.0,594.0,-8.0,16496.0
2021-09-29,51834124.0,30040354500.0,580.0,583.0,577.0,580.0,-14.0,95024.0
2021-09-30,36318623.0,21054651328.0,580.0,585.0,575.0,580.0,0.0,32973.0
2021-10-01,39006124.0,22368447571.0,579.0,579.0,571.0,574.0,-6.0,78088.0
2021-10-04,22288138.0,12741914919.0,574.0,575.0,569.0,572.0,-2.0,42147.0
2021-10-05,36063650.0,20406526124.0,562.0,572.0,560.0,572.0,0.0,56678.0
2021-10-06,33989379.0,19345468774.0,573.0,574.0,565.0,571.0,-1.0,53606.0
2021-10-07,28480400.0,16458019782.0,575.0,582.0,572.0,580.0,9.0,23304.0
2021-10-08,22601904.0,13051944932.0,582.0,583.0,573.0,575.0,-5.0,24157.0
2021-10-12,27126088.0,15455194493.0,570.0,575.0,564.0,575.0,0.0,32210.0
2021-10-13,19267437.0,11006807040.0,572.0,575.0,570.0,571.0,-4.0,18050.0
2021-10-14,14270641.0,8213170376.0,579.0,579.0,573.0,573.0,2.0,14814.0
2021-10-15,55305252.0,32878638999.0,592.0,600.0,586.0,600.0,27.0,61088.0
2021-10-18,19753943.0,11802365489.0,604.0,604.0,590.0,590.0,-10.0,21353.0
2021-10-19,18709936.0,11196540994.0,598.0,600.0,593.0,600.0,10.0,20482.0
2021-10-20,17537878.0,10527701553.0,603.0,604.0,597.0,598.0,-2.0,16410.0
2021-10-21,16882324.0,10116911921.0,602.0,603.0,595.0,596.0,-2.0,17599.0
2021-10-22,14236279.0,8520299817.0,600.0,602.0,594.0,600.0,4.0,12812.0
2021-10-25,17724968.0,10518554968.0,597.0,597.0,590.0,593.0,-7.0,16139.0
2021-10-26,27047187.0,16169131795.0,595.0,600.0,593.0,599.0,6.0,13081.0
2021-10-27,16260278.0,9708715733.0,598.0,599.0,594.0,599.0,0.0,12042.0
2021-10-28,16927154.0,10066068774.0,598.0,598.0,591.0,595.0,-4.0,15065.0
2021-10-29,27684673.0,16352758906.0,595.0,596.0,589.0,590.0,-5.0,19937.0
2021-11-01,17110357.0,10107402871.0,591.0,593.0,590.0,590.0,0.0,13798.0
2021-11-02,16544999.0,9808608554.0,594.0,597.0,590.0,592.0,2.0,11662.0
2021-11-03,11404984.0,6773439607.0,597.0,597.0,592.0,592.0,0.0,8934.0
2021-11-04,18888245.0,11112246412.0,592.0,594.0,585.0,587.0,-5.0,22171.0
2021-11-05,35086799.0,20974569571.0,598.0,600.0,595.0,600.0,13.0,31929.0
2021-11-08,20886897.0,12544595323.0,600.0,602.0,598.0,602.0,2.0,17964.0
2021-11-09,42340785.0,25935652781.0,611.0,617.0,610.0,611.0,9.0,42855.0
2021-11-10,18518512.0,11303615778.0,611.0,612.0,608.0,612.0,1.0,19147.0
2021-11-11,20257792.0,12225622771.0,600.0,606.0,600.0,606.0,-6.0,16140.0
2021-11-12,21373014.0,12801799429.0,610.0,611.0,602.0,604.0,-2.0,13869.0
2021-11-15,17140935.0,10434209332.0,609.0,611.0,607.0,608.0,4.0,13140.0
2021-11-16,21776308.0,13285168416.0,612.0,612.0,608.0,610.0,2.0,14487.0
2021-11-17,21829653.0,13330782804.0,615.0,615.0,608.0,610.0,0.0,14807.0
2021-11-18,22933191.0,14019057524.0,613.0,614.0,607.0,613.0,3.0,15913.0
2021-11-19,38847820.0,24047156185.0,622.0,623.0,617.0,618.0,5.0,32179.0
2021-11-22,23296854.0,14354639781.0,618.0,618.0,615.0,615.0,-3.0,14108.0
2021-11-23,20022520.0,12266300247.0,615.0,615.0,611.0,612.0,-3.0,15011.0
2021-11-24,22978524.0,13904268592.0,612.0,612.0,602.0,603.0,-9.0,23584.0
2021-11-25,14171433.0,8551663451.0,605.0,607.0,601.0,603.0,0.0,14137.0
2021-11-26,27882175.0,16609442268.0,598.0,601.0,592.0,596.0,-7.0,47638.0
2021-11-29,24160615.0,14360266132.0,594.0,598.0,591.0,593.0,-3.0,23653.0
2021-11-30,69160408.0,41208103150.0,597.0,600.0,591.0,596.0,3.0,24427.0
2021-12-01,30119408.0,18021861252.0,596.0,603.0,594.0,600.0,4.0,15695.0
2021-12-02,48720976.0,29780012954.0,605.0,615.0,602.0,615.0,15.0,40629.0
2021-12-03,27571974.0,16798271782.0,614.0,614.0,606.0,608.0,-7.0,16197.0
2021-12-06,24474913.0,14740969839.0,603.0,609.0,600.0,600.0,-8.0,19139.0
2021-12-07,21105883.0,12704452330.0,602.0,607.0,597.0,607.0,7.0,22160.0
2021-12-08,22194708.0,13490034097.0,614.0,614.0,602.0,602.0,-5.0,15634.0
2021-12-09,12467833.0,7554386680.0,606.0,608.0,602.0,608.0,6.0,9231.0
2021-12-10,11371659.0,6874539365.0,605.0,608.0,602.0,605.0,-3.0,9215.0
2021-12-13,17994933.0,10887156003.0,609.0,610.0,601.0,601.0,-4.0,12503.0
2021-12-14,22997961.0,13757424386.0,598.0,600.0,597.0,599.0,-2.0,21324.0
2021-12-15,22419040.0,13420958112.0,597.0,601.0,596.0,600.0,1.0,19195.0
2021-12-16,22151282.0,13370280179.0,605.0,605.0,601.0,605.0,0.0,15515.0
2021-12-17,30319495.0,18339763894.0,601.0,607.0,599.0,607.0,2.0,11667.0
2021-12-20,22381761.0,13446342438.0,607.0,607.0,598.0,598.0,-9.0,18943.0
2021-12-21,17669559.0,10560361874.0,597.0,600.0,595.0,597.0,-1.0,17336.0
2021-12-22,10127887.0,6067689422.0,598.0,601.0,598.0,600.0,3.0,8238.0
2021-12-23,16910501.0,10238270336.0,607.0,608.0,602.0,606.0,6.0,12888.0
2021-12-24,12008673.0,7276331245.0,606.0,609.0,604.0,604.0,-2.0,10444.0
2021-12-27,16771900.0,10193462167.0,604.0,610.0,604.0,606.0,2.0,16637.0
2021-12-28,35156339.0,21569506434.0,610.0,615.0,610.0,615.0,9.0,36241.0
2021-12-29,25604320.0,15788043027.0,615.0,619.0,614.0,616.0,1.0,28804.0
2021-12-30,20522055.0,12654016133.0,619.0,620.0,615.0,615.0,-1.0,15565.0
2022-01-03,73703302.0,46249716919.0,619.0,632.0,618.0,631.0,16.0,88508.0
2022-01-04,90945643.0,59188199534.0,645.0,656.0,644.0,656.0,25.0,106409.0
2022-01-05,72505550.0,47582832784.0,669.0,669.0,646.0,650.0,-6.0,64712.0
2022-01-06,57490736.0,36817638522.0,638.0,646.0,636.0,644.0,-6.0,53430.0
2022-01-07,39847766.0,25358237656.0,643.0,646.0,632.0,634.0,-10.0,44497.0
2022-01-10,39286754.0,25052138297.0,628.0,645.0,627.0,643.0,9.0,33453.0
2022-01-11,36186544.0,23361588355.0,646.0,651.0,639.0,651.0,8.0,26849.0
2022-01-12,40832298.0,26762357054.0,657.0,660.0,650.0,660.0,9.0,39164.0
2022-01-13,39172028.0,25813559647.0,658.0,662.0,655.0,661.0,1.0,34355.0
2022-01-14,98768193.0,66094477906.0,673.0,673.0,661.0,672.0,11.0,83211.0
2022-01-17,63828552.0,43615303577.0,685.0,688.0,678.0,683.0,11.0,61981.0
2022-01-18,48802321.0,32742176854.0,678.0,681.0,662.0,662.0,-21.0,65357.0
2022-01-19,44092247.0,28859030269.0,652.0,660.0,651.0,654.0,-8.0,50763.0
2022-01-20,48996473.0,31893527292.0,650.0,657.0,646.0,651.0,-3.0,39346.0
2022-01-21,53966101.0,34642476570.0,644.0,646.0,637.0,641.0,-10.0,66088.0
2022-01-24,48665203.0,31412475591.0,639.0,655.0,637.0,653.0,12.0,36231.0
2022-01-25,53927064.0,34582254327.0,643.0,645.0,638.0,641.0,-12.0,56698.0
2022-01-26,33093553.0,21089251429.0,635.0,641.0,635.0,636.0,-5.0,35647.0
2022-02-07,64637049.0,41221401027.0,644.0,644.0,631.0,635.0,-1.0,43774.0
2022-02-08,43786259.0,27805114442.0,645.0,645.0,628.0,628.0,-7.0,40026.0
2022-02-09,33633394.0,21289086984.0,635.0,637.0,630.0,633.0,5.0,29746.0
2022-02-10,37388892.0,24028303016.0,639.0,649.0,637.0,649.0,16.0,28452.0
2022-02-11,28194682.0,18225628338.0,646.0,650.0,642.0,650.0,1.0,21995.0
2022-02-14,39394670.0,25104180949.0,640.0,641.0,635.0,637.0,-13.0,33928.0
2022-02-15,24497955.0,15556533655.0,633.0,639.0,633.0,633.0,-4.0,31907.0
2022-02-16,27395771.0,17635435307.0,645.0,646.0,640.0,646.0,13.0,23136.0
2022-02-17,20447347.0,13171026165.0,644.0,646.0,641.0,645.0,-1.0,16116.0
2022-02-18,21948975.0,13997433486.0,638.0,639.0,636.0,637.0,-8.0,23892.0
2022-02-21,25769408.0,16320629980.0,633.0,636.0,632.0,632.0,-5.0,41961.0
2022-02-22,38526210.0,24153923316.0,628.0,630.0,625.0,627.0,-5.0,68303.0
2022-02-23,34561338.0,21606428438.0,624.0,629.0,623.0,625.0,-2.0,50926.0
2022-02-24,80672979.0,49358065299.0,618.0,619.0,604.0,604.0,-21.0,188248.0
2022-02-25,94155943.0,56880320916.0,600.0,609.0,600.0,604.0,0.0,129776.0
2022-03-01,70303880.0,42445208215.0,599.0,610.0,599.0,604.0,0.0,67439.0
2022-03-02,42428151.0,25528700277.0,601.0,605.0,600.0,601.0,-3.0,58916.0
2022-03-03,37103932.0,22373890387.0,603.0,607.0,601.0,602.0,1.0,65410.0
2022-03-04,65235167.0,38833099256.0,595.0,597.0,592.0,595.0,-7.0,206731.0
2022-03-07,97167600.0,56147025127.0,580.0,581.0,575.0,576.0,-19.0,297917.0
2022-03-08,88371413.0,49908147901.0,561.0,570.0,561.0,563.0,-13.0,269695.0
2022-03-09,57512412.0,32761408119.0,567.0,573.0,567.0,568.0,5.0,112422.0
2022-03-10,49092145.0,28798814637.0,585.0,589.0,582.0,587.0,19.0,71569.0
2022-03-11,42981381.0,24820833930.0,581.0,582.0,574.0,575.0,-12.0,112158.0
2022-03-14,38562552.0,22131365409.0,574.0,577.0,572.0,572.0,-3.0,87337.0
2022-03-15,84338792.0,47191728965.0,562.0,563.0,558.0,558.0,-14.0,277901.0
2022-03-16,50764807.0,28345633852.0,564.0,565.0,555.0,558.0,0.0,110732.0
2022-03-17,65820899.0,38121960334.0,578.0,583.0,575.0,582.0,24.0,65468.0
2022-03-18,49583448.0,28771454221.0,582.0,582.0,576.0,581.0,-1.0,39576.0
2022-03-21,22800165.0,13363354969.0,583.0,589.0,583.0,586.0,5.0,32617.0
2022-03-22,23421124.0,13613967252.0,577.0,586.0,577.0,583.0,-3.0,27371.0
2022-03-23,27475008.0,16177424772.0,590.0,590.0,586.0,590.0,7.0,30970.0
2022-03-24,20769676.0,12232627003.0,587.0,592.0,585.0,591.0,1.0,21647.0
2022-03-25,26794684.0,15984831591.0,597.0,598.0,595.0,598.0,7.0,29896.0
2022-03-28,27954730.0,16298449416.0,581.0,586.0,580.0,584.0,-14.0,54537.0
2022-03-29,15742359.0,9243985774.0,586.0,589.0,584.0,589.0,5.0,21222.0
2022-03-30,43256548.0,25908489513.0,599.0,600.0,597.0,600.0,11.0,48535.0
2022-03-31,25130417.0,15014260610.0,602.0,602.0,594.0,597.0,-3.0,18860.0
2022-04-01,31247086.0,18328227645.0,585.0,589.0,584.0,589.0,-8.0,53178.0
2022-04-06,40726932.0,23547636944.0,578.0,580.0,575.0,578.0,-11.0,62822.0
2022-04-07,47212937.0,26881649976.0,571.0,573.0,566.0,566.0,-12.0,130552.0
2022-04-08,31406384.0,17821660486.0,567.0,570.0,566.0,567.0,1.0,75778.0
2022-04-11,41713758.0,23401330531.0,563.0,566.0,558.0,558.0,-9.0,130731.0
2022-04-12,34799056.0,19418030839.0,554.0,564.0,552.0,557.0,-1.0,69280.0
2022-04-13,36968137.0,21134384849.0,564.0,576.0,563.0,573.0,16.0,41249.0
2022-04-14,20224847.0,11618596373.0,577.0,578.0,573.0,573.0,0.0,27442.0
2022-04-15,33158930.0,18667922752.0,562.0,566.0,561.0,562.0,-11.0,99936.0
2022-04-18,16579296.0,9311198146.0,559.0,566.0,558.0,561.0,-1.0,31712.0
2022-04-19,18811242.0,10639032272.0,566.0,569.0,563.0,565.0,4.0,24598.0
2022-04-20,28240222.0,16016967192.0,570.0,570.0,562.0,570.0,5.0,28615.0
2022-04-21,21539083.0,12221437009.0,571.0,571.0,565.0,565.0,-5.0,28847.0
2022-04-22,35567672.0,19849449551.0,558.0,559.0,557.0,558.0,-7.0,81550.0
2022-04-25,49067362.0,26907070565.0,550.0,552.0,546.0,547.0,-11.0,165619.0
2022-04-26,39549934.0,21628474846.0,550.0,551.0,544.0,546.0,-1.0,90252.0
2022-04-27,65034122.0,34416315121.0,530.0,532.0,526.0,526.0,-20.0,217895.0
2022-04-28,50406145.0,26653291522.0,530.0,532.0,523.0,531.0,5.0,79897.0
2022-04-29,39960198.0,21586196160.0,547.0,547.0,535.0,538.0,7.0,41498.0
2022-05-03,29502561.0,15790689728.0,538.0,540.0,530.0,531.0,-7.0,48050.0
2022-05-04,17305449.0,9229779558.0,533.0,537.0,530.0,534.0,3.0,27460.0
2022-05-05,22540182.0,12209716759.0,543.0,544.0,539.0,542.0,8.0,26904.0
2022-05-06,34512038.0,18241210653.0,528.0,531.0,526.0,528.0,-14.0,66208.0
2022-05-09,27309304.0,14249571058.0,523.0,524.0,520.0,520.0,-8.0,82004.0
2022-05-10,44322247.0,22673191861.0,506.0,519.0,505.0,518.0,-2.0,83371.0
2022-05-11,28109896.0,14662149551.0,518.0,526.0,518.0,521.0,3.0,40227.0
2022-05-12,35824788.0,18310112210.0,516.0,518.0,505.0,505.0,-16.0,107513.0
2022-05-13,30204773.0,15412261905.0,507.0,514.0,506.0,511.0,6.0,37707.0
2022-05-16,22012610.0,11472463517.0,521.0,524.0,518.0,520.0,9.0,30034.0
2022-05-17,25812051.0,13627135311.0,521.0,533.0,520.0,530.0,10.0,30826.0
2022-05-18,33605299.0,18075946322.0,541.0,541.0,534.0,538.0,8.0,34913.0
2022-05-19,40798132.0,21322524192.0,523.0,527.0,520.0,522.0,-16.0,47232.0
2022-05-20,26111163.0,13784969436.0,524.0,532.0,523.0,530.0,8.0,21767.0
2022-05-23,18919447.0,10040778291.0,533.0,534.0,528.0,528.0,-2.0,18775.0
2022-05-24,19130619.0,10036942322.0,530.0,531.0,520.0,520.0,-8.0,31716.0
2022-05-25,22460245.0,11782306905.0,522.0,529.0,520.0,524.0,4.0,18352.0
2022-05-26,31542825.0,16336162581.0,523.0,525.0,513.0,514.0,-10.0,72846.0
2022-05-27,30113220.0,15855257581.0,524.0,530.0,522.0,530.0,16.0,28711.0
2022-05-30,36480411.0,19757635264.0,538.0,547.0,537.0,547.0,17.0,42797.0
2022-05-31,81962870.0,45507333341.0,542.0,560.0,540.0,560.0,13.0,34286.0
2022-06-01,32970903.0,18171598472.0,550.0,555.0,548.0,549.0,-11.0,33456.0
2022-06-02,26063495.0,14122936388.0,544.0,545.0,540.0,540.0,-9.0,30042.0
2022-06-06,23732327.0,12843324209.0,541.0,544.0,538.0,540.0,0.0,16614.0
2022-06-07,22152512.0,11846386906.0,535.0,538.0,532.0,535.0,-5.0,28586.0
2022-06-08,19609522.0,10636701303.0,539.0,545.0,538.0,544.0,9.0,18487.0
2022-06-09,16894479.0,9115934006.0,538.0,542.0,537.0,541.0,-3.0,18802.0
2022-06-10,22614596.0,12011615014.0,530.0,533.0,529.0,530.0,-11.0,44802.0
2022-06-13,36758925.0,18998155460.0,518.0,519.0,515.0,516.0,-14.0,112023.0
2022-06-14,38838778.0,19813036892.0,507.0,514.0,507.0,513.0,-3.0,85483.0
2022-06-15,38360508.0,19580150319.0,508.0,515.0,508.0,509.0,-4.0,72687.0
2022-06-16,31908028.0,16331470764.0,515.0,516.0,507.0,508.0,0.0,42177.0
2022-06-17,48400798.0,24260277915.0,499.5,503.0,499.0,501.0,-7.0,119618.0
2022-06-20,36664463.0,18267359790.0,500.0,502.0,495.0,498.0,-3.0,89541.0
2022-06-21,34432537.0,17298234720.0,501.0,505.0,499.0,505.0,7.0,32427.0
2022-06-22,33438921.0,16630857096.0,501.0,503.0,494.5,494.5,-10.5,81024.0
2022-06-23,46808462.0,22836692325.0,492.0,493.5,485.0,485.5,-9.0,104661.0
2022-06-24,29003676.0,14184287155.0,489.5,492.5,485.5,486.5,1.0,43609.0
2022-06-27,38684368.0,19379396938.0,496.0,506.0,495.5,498.5,12.0,37438.0
2022-06-28,16867955.0,8392290378.0,496.0,500.0,496.0,497.5,-1.0,18988.0
2022-06-29,33124986.0,16352376816.0,496.0,498.5,491.0,491.0,-6.5,40024.0
2022-06-30,49820824.0,23900613642.0,484.5,486.5,476.0,476.0,-15.0,111117.0
2022-07-01,72597018.0,33459624760.0,471.5,474.0,452.5,453.5,-22.5,172267.0
2022-07-04,61206245.0,27225872277.0,443.0,451.5,440.0,440.0,-13.5,96760.0
2022-07-05,55469884.0,24538415224.0,449.5,451.5,433.0,446.0,6.0,70715.0
2022-07-06,42156925.0,18556660847.0,442.0,447.5,435.0,435.5,-10.5,59018.0
2022-07-07,50984110.0,22992311966.0,442.0,459.0,438.5,457.5,22.0,56227.0
2022-07-08,39134398.0,18251251558.0,470.0,470.5,461.5,467.0,9.5,46039.0
2022-07-11,22930675.0,10673806551.0,468.0,470.5,461.0,462.0,-5.0,25631.0
2022-07-12,24155935.0,10932798847.0,458.0,458.0,449.5,449.5,-12.5,34431.0
2022-07-13,48134139.0,22639696871.0,470.5,473.0,466.0,470.5,21.0,48964.0
2022-07-14,34014188.0,16045789881.0,466.0,477.5,463.0,475.0,4.5,36454.0
2022-07-15,56039339.0,27285128552.0,481.0,494.0,477.0,492.5,17.5,63691.0
2022-07-18,40797601.0,20142703483.0,495.5,498.5,488.5,495.5,3.0,42574.0
2022-07-19,20554247.0,10063256350.0,487.5,493.0,486.5,491.0,-4.5,25035.0
2022-07-20,36862724.0,18330197370.0,502.0,503.0,491.5,495.0,4.0,40233.0
2022-07-21,23893063.0,11887266420.0,496.0,501.0,494.0,501.0,6.0,23039.0
2022-07-22,26904474.0,13525083791.0,505.0,505.0,500.0,503.0,2.0,26122.0
2022-07-25,16803972.0,8402110298.0,500.0,503.0,498.0,499.5,-3.5,17230.0
2022-07-26,19524143.0,9665183112.0,499.5,499.5,491.0,495.0,-4.5,29293.0
2022-07-27,18411136.0,9144660659.0,494.0,502.0,491.0,502.0,7.0,20351.0
2022-07-28,35020547.0,17665645632.0,509.0,509.0,499.0,501.0,-1.0,31274.0
2022-07-29,30632627.0,15571856556.0,508.0,510.0,504.0,509.0,8.0,24762.0
2022-08-01,24991291.0,12569771761.0,506.0,508.0,500.0,504.0,-5.0,26792.0
2022-08-02,42669591.0,20973293337.0,494.0,496.0,488.5,492.0,-12.0,63879.0
2022-08-03,29838832.0,14823224632.0,494.0,501.0,493.0,501.0,9.0,25570.0
2022-08-04,26589086.0,13279624282.0,499.0,503.0,495.0,500.0,-1.0,27173.0
2022-08-05,35052642.0,17966410242.0,509.0,516.0,507.0,516.0,16.0,49928.0
2022-08-08,20568971.0,10531710250.0,510.0,515.0,509.0,512.0,-4.0,18131.0
2022-08-09,24370709.0,12372442661.0,507.0,511.0,504.0,510.0,-2.0,25433.0
2022-08-10,22112239.0,11075581424.0,500.0,503.0,499.5,500.0,-10.0,35188.0
2022-08-11,24906177.0,12771121611.0,513.0,514.0,510.0,514.0,14.0,23949.0
2022-08-12,21343450.0,11016097043.0,515.0,518.0,514.0,517.0,3.0,21701.0
2022-08-15,22519886.0,11755494600.0,520.0,524.0,519.0,523.0,6.0,27372.0
2022-08-16,21234122.0,11141160337.0,526.0,526.0,523.0,525.0,2.0,20628.0
2022-08-17,28461939.0,14943047011.0,524.0,527.0,521.0,527.0,2.0,26466.0
2022-08-18,18721898.0,9734756997.0,520.0,521.0,519.0,520.0,-7.0,24209.0
2022-08-19,14235983.0,7403584002.0,519.0,523.0,517.0,519.0,-1.0,14069.0
2022-08-22,23175820.0,11849427903.0,511.0,514.0,510.0,510.0,-9.0,32130.0
2022-08-23,20997847.0,10580935860.0,503.0,506.0,502.0,504.0,-6.0,34243.0
2022-08-24,14995494.0,7560487746.0,504.0,508.0,503.0,503.0,-1.0,20031.0
2022-08-25,10254367.0,5208471523.0,505.0,510.0,504.0,508.0,5.0,11664.0
2022-08-26,13268148.0,6805419690.0,513.0,515.0,511.0,512.0,4.0,14862.0
2022-08-29,28217313.0,14055439771.0,497.0,502.0,496.0,498.5,-13.5,60889.0
2022-08-30,25699463.0,12787938496.0,497.5,500.0,496.0,496.0,-2.5,43669.0
2022-08-31,50999514.0,25630339779.0,492.0,505.0,492.0,505.0,9.0,24054.0
2022-09-01,42008490.0,20696930527.0,495.0,495.5,490.0,490.5,-14.5,93631.0
2022-09-02,33877655.0,16486942365.0,488.0,489.5,485.0,485.0,-5.5,71175.0
2022-09-05,17327720.0,8419762666.0,485.0,488.0,484.0,486.0,1.0,27611.0
2022-09-06,21197718.0,10364807027.0,488.5,491.5,486.5,489.0,3.0,18950.0
2022-09-07,38168331.0,18125281029.0,477.0,478.0,472.0,472.5,-16.5,101077.0
2022-09-08,35355467.0,16755699888.0,473.0,475.0,472.0,475.0,2.5,37943.0
2022-09-12,27181969.0,13268334545.0,485.0,491.0,485.0,486.5,11.5,26764.0
2022-09-13,18916557.0,9329113594.0,495.0,495.0,491.0,493.0,6.5,20511.0
2022-09-14,25046110.0,12023421519.0,478.5,482.5,476.0,480.0,-13.0,47333.0
2022-09-15,24272164.0,11587112712.0,476.0,480.0,476.0,476.5,0.0,35435.0
2022-09-16,41889816.0,19737743551.0,470.5,472.0,469.0,472.0,-4.5,51619.0
2022-09-19,20724347.0,9713676332.0,472.0,473.0,466.5,467.0,-5.0,45650.0
2022-09-20,23269759.0,11027746136.0,470.5,478.0,470.0,476.5,9.5,20621.0
2022-09-21,24686050.0,11641957557.0,473.5,475.5,468.5,471.0,-5.5,30847.0
2022-09-22,31417685.0,14524615830.0,462.0,468.0,459.0,464.5,-6.5,53974.0
2022-09-23,32804066.0,15005076330.0,458.5,460.5,455.0,455.0,-9.5,82492.0
2022-09-26,34856957.0,15560487370.0,443.0,454.0,443.0,446.5,-8.5,75861.0
2022-09-27,29570005.0,13260363913.0,449.0,451.5,446.0,448.0,1.5,29995.0
2022-09-28,37827459.0,16693442543.0,447.0,449.0,438.0,438.0,-10.0,78780.0
2022-09-29,42884163.0,18748910795.0,443.0,443.5,432.0,435.0,-3.0,70971.0
2022-09-30,58366820.0,24750796363.0,424.5,427.5,422.0,422.0,-13.0,87052.0
2022-10-03,38354967.0,16068149231.0,418.5,424.5,416.5,417.0,-5.0,70127.0
2022-10-04,42455417.0,18225995343.0,429.5,432.0,427.0,429.0,12.0,31696.0
2022-10-05,48321335.0,21583755745.0,444.5,451.0,442.0,445.0,16.0,51865.0
2022-10-06,30750331.0,13821382520.0,450.5,451.0,447.0,451.0,6.0,24907.0
2022-10-07,32872044.0,14505036044.0,448.5,448.5,437.0,438.0,-13.0,45112.0
2022-10-11,109842903.0,44572345642.0,408.0,412.5,401.0,401.5,-36.5,210614.0
2022-10-12,64138351.0,25536098386.0,397.0,400.0,395.5,397.5,-4.0,114055.0
2022-10-13,43158592.0,17239718998.0,400.5,403.0,395.0,395.0,-2.5,66846.0
2022-10-14,59841064.0,24714069328.0,414.5,416.0,409.0,412.0,17.0,54666.0
2022-10-17,45038159.0,17954868983.0,400.0,403.5,396.0,397.0,-15.0,66589.0
2022-10-18,41304834.0,16675510801.0,406.5,407.0,399.5,407.0,10.0,30538.0
2022-10-19,48655069.0,19398261013.0,404.0,405.0,395.5,395.5,-11.5,68211.0
2022-10-20,63202035.0,24682371387.0,391.0,397.5,386.0,397.5,2.0,76430.0
2022-10-21,38968511.0,15297273710.0,395.5,398.5,389.5,389.5,-8.0,64043.0
2022-10-24,48691083.0,18995017699.0,395.0,397.5,387.0,387.0,-2.5,58612.0
2022-10-25,81173913.0,30515958539.0,380.0,382.5,371.0,371.0,-16.0,155200.0
2022-10-26,61440878.0,23045141097.0,370.5,379.0,370.0,376.0,5.0,46073.0
2022-10-27,47160778.0,18190840150.0,384.5,389.0,382.5,385.5,9.5,37777.0
2022-10-28,44691746.0,16923109361.0,379.5,382.0,375.0,379.5,-6.0,48116.0
2022-10-31,40598928.0,15721543079.0,386.0,390.0,381.0,390.0,10.5,32816.0
2022-11-01,42123141.0,16428079355.0,388.5,393.0,386.0,391.5,1.5,29780.0
2022-11-02,23169428.0,9091891929.0,391.0,395.0,388.5,395.0,3.5,22285.0
2022-11-03,42092776.0,16201844314.0,385.0,387.0,383.5,384.0,-11.0,52660.0
2022-11-04,30839846.0,11762941797.0,381.0,384.5,378.5,382.0,-2.0,26895.0
2022-11-07,37704746.0,14710405524.0,390.0,393.0,387.0,390.0,8.0,30880.0
2022-11-08,32576136.0,12954941396.0,395.0,399.5,394.0,399.0,9.0,35956.0
2022-11-09,56357663.0,23188739823.0,403.5,417.0,403.5,417.0,18.0,67569.0
2022-11-10,33671621.0,13757669359.0,409.0,411.5,406.0,407.5,-9.5,36471.0
2022-11-11,83770040.0,36838808146.0,441.5,442.0,435.0,441.5,34.0,100349.0
2022-11-14,63282094.0,28257175788.0,450.0,450.0,441.5,445.0,3.5,48957.0
2022-11-15,118536865.0,56191637241.0,465.0,487.0,462.0,480.0,35.0,139136.0
2022-11-16,88416393.0,43103738374.0,491.5,494.0,481.5,487.0,7.0,98338.0
2022-11-17,46850915.0,22547582604.0,482.5,485.0,475.0,485.0,-2.0,57331.0
2022-11-18,37001332.0,18131673834.0,491.5,494.0,486.0,487.0,2.0,41694.0
2022-11-21,30609465.0,14843805078.0,487.5,489.5,480.5,482.0,-5.0,35815.0
2022-11-22,39329440.0,19112616916.0,476.0,491.0,476.0,491.0,9.0,40964.0
2022-11-23,34752559.0,17111333375.0,494.5,496.0,488.5,492.0,1.0,32889.0
2022-11-24,28477359.0,14073196704.0,494.0,496.0,492.0,496.0,4.0,34387.0
2022-11-25,41461805.0,20594790238.0,494.0,498.0,494.0,498.0,2.0,34399.0
2022-11-28,40815045.0,19790586320.0,486.0,490.0,480.5,480.5,-17.5,57163.0
2022-11-29,40266315.0,19374604221.0,473.5,488.0,473.0,487.0,6.5,35929.0
2022-11-30,60728041.0,29643130386.0,483.0,490.0,482.5,490.0,3.0,25325.0
2022-12-01,43684491.0,21976936461.0,506.0,508.0,498.5,498.5,8.5,46181.0
2022-12-02,29909021.0,14745810388.0,490.0,497.0,490.0,492.5,-6.0,31799.0
2022-12-05,33048153.0,16272219716.0,491.5,497.5,489.0,489.0,-3.5,31739.0
2022-12-06,44964237.0,21703863181.0,488.0,489.0,478.0,478.0,-11.0,44448.0
2022-12-07,39978821.0,19128832587.0,477.0,485.5,475.0,475.0,-3.0,43603.0
2022-12-08,28348573.0,13366736635.0,475.0,475.0,467.0,471.5,-3.5,45114.0
2022-12-09,28903860.0,13881674073.0,478.0,484.5,476.0,481.5,10.0,25790.0
2022-12-12,24064002.0,11435789974.0,476.5,478.0,473.5,475.0,-6.5,34393.0
2022-12-13,36028109.0,17034191389.0,473.0,476.0,471.0,471.5,-3.5,36559.0
2022-12-14,35263781.0,16860500181.0,472.0,480.5,472.0,480.5,9.0,25102.0
2022-12-15,26001756.0,12446105928.0,476.0,481.5,474.5,480.5,0.0,21052.0
2022-12-16,51707693.0,24262026661.0,466.5,471.0,465.5,471.0,-9.5,69011.0
2022-12-19,24231653.0,11320207884.0,466.5,469.5,465.0,466.5,-4.5,30247.0
2022-12-20,33181363.0,15291302176.0,465.0,467.0,455.0,457.5,-9.0,59543.0
2022-12-21,40831313.0,18763874901.0,460.0,463.0,457.0,459.0,1.5,31581.0
2022-12-22,14519582.0,6784664988.0,466.5,469.0,464.0,468.0,9.0,16893.0
2022-12-23,26724153.0,12200056423.0,457.5,458.5,455.0,455.0,-13.0,63532.0
2022-12-26,9152790.0,4171194858.0,454.0,457.0,453.5,456.5,1.5,16718.0
2022-12-27,10486219.0,4820155221.0,458.0,462.5,457.0,457.0,0.5,13482.0
2022-12-28,34823492.0,15643266841.0,451.0,452.0,446.0,451.0,-6.0,59400.0
2022-12-29,25596357.0,11400284554.0,444.0,449.5,442.5,446.0,-5.0,34637.0
2022-12-30,22297604.0,10079102379.0,455.0,456.5,448.5,448.5,2.5,23086.0
2023-01-03,15311364.0,6871973708.0,446.0,453.5,443.0,453.0,4.5,22581.0
2023-01-04,20626874.0,9310050329.0,449.5,455.0,448.5,449.5,-3.5,18233.0
2023-01-05,23972099.0,10972616269.0,459.0,459.5,455.0,458.5,9.0,20752.0
2023-01-06,21313593.0,9745142549.0,455.0,459.5,455.0,458.5,0.0,16635.0
2023-01-09,49186355.0,23352375299.0,468.0,481.0,467.5,481.0,22.5,57305.0
2023-01-10,34785370.0,16867391241.0,486.0,487.0,483.0,486.0,5.0,36975.0
2023-01-11,21749124.0,10531314878.0,487.0,488.0,482.0,484.5,-1.5,25457.0
2023-01-12,22416984.0,10901640739.0,487.5,488.0,484.0,486.5,2.0,25780.0
2023-01-13,81848755.0,41113175651.0,507.0,509.0,499.0,500.0,13.5,93121.0
2023-01-16,38781925.0,19573968332.0,506.0,508.0,503.0,505.0,5.0,48051.0
2023-01-17,29443522.0,14784661794.0,504.0,504.0,499.5,503.0,-2.0,27930.0
2023-01-30,148413161.0,80057158264.0,542.0,543.0,534.0,543.0,40.0,153125.0
2023-01-31,79212272.0,41736937234.0,537.0,538.0,521.0,522.0,-21.0,74279.0
2023-02-01,42539626.0,22450948467.0,532.0,533.0,522.0,530.0,8.0,31487.0
2023-02-02,46523592.0,25091483557.0,538.0,542.0,537.0,540.0,10.0,45495.0
2023-02-03,34156234.0,18439613447.0,540.0,542.0,536.0,542.0,2.0,39674.0
2023-02-06,32208918.0,17041821849.0,532.0,533.0,526.0,526.0,-16.0,46279.0
2023-02-07,24362116.0,12767910080.0,524.0,528.0,522.0,523.0,-3.0,28519.0
2023-02-08,37633169.0,20247927642.0,538.0,540.0,534.0,540.0,17.0,43495.0
2023-02-09,22311345.0,12026317167.0,540.0,540.0,536.0,540.0,0.0,19698.0
2023-02-10,30445088.0,16545221176.0,544.0,546.0,541.0,545.0,5.0,40984.0
2023-02-13,23903151.0,12921896752.0,544.0,544.0,538.0,541.0,-4.0,22431.0
2023-02-14,23855974.0,12990943260.0,544.0,546.0,543.0,545.0,4.0,27983.0
2023-02-15,66068713.0,34751111404.0,526.0,532.0,522.0,525.0,-20.0,103433.0
2023-02-16,33509968.0,17692691883.0,528.0,531.0,524.0,528.0,3.0,27033.0
2023-02-17,29673053.0,15385668299.0,524.0,524.0,516.0,518.0,-10.0,55965.0
2023-02-20,21181235.0,10928087780.0,514.0,519.0,511.0,517.0,-1.0,25898.0
2023-02-21,15097509.0,7771141142.0,515.0,517.0,513.0,516.0,-1.0,27200.0
2023-02-22,26578867.0,13474662693.0,506.0,509.0,505.0,507.0,-9.0,47843.0
2023-02-23,26801677.0,13846782345.0,512.0,521.0,510.0,518.0,11.0,26552.0
2023-02-24,48372303.0,24932422713.0,524.0,525.0,511.0,511.0,-7.0,29612.0
2023-03-01,45971058.0,23624972884.0,504.0,522.0,504.0,522.0,11.0,31738.0
2023-03-02,18017085.0,9344352321.0,519.0,520.0,515.0,519.0,-3.0,14320.0
2023-03-03,24117189.0,12510608773.0,524.0,525.0,516.0,516.0,-3.0,22160.0
2023-03-06,24741125.0,12883854256.0,520.0,524.0,517.0,521.0,5.0,20678.0
2023-03-07,27650283.0,14465320023.0,521.0,526.0,519.0,524.0,3.0,20595.0
2023-03-08,27077587.0,14091713576.0,521.0,523.0,518.0,521.0,-3.0,20504.0
2023-03-09,25639391.0,13430582677.0,525.0,526.0,522.0,522.0,1.0,16497.0
2023-03-10,25572403.0,13122265260.0,515.0,516.0,511.0,513.0,-9.0,46216.0
2023-03-13,22568740.0,11608973891.0,513.0,518.0,509.0,516.0,3.0,24150.0
2023-03-14,26599476.0,13602260966.0,511.0,514.0,510.0,510.0,-6.0,24848.0
2023-03-15,24080361.0,12350942139.0,515.0,516.0,510.0,511.0,1.0,21075.0
2023-03-16,23325664.0,11809911840.0,505.0,510.0,504.0,505.0,0.0,33493.0
2023-03-17,35872881.0,18538033584.0,516.0,518.0,513.0,518.0,13.0,21217.0
2023-03-20,12752221.0,6542889562.0,517.0,518.0,510.0,512.0,-6.0,17709.0
2023-03-21,18519120.0,9534730452.0,515.0,517.0,512.0,517.0,5.0,14094.0
2023-03-22,45681056.0,24168561556.0,524.0,533.0,524.0,533.0,16.0,56483.0
2023-03-23,28614856.0,15307492846.0,528.0,539.0,528.0,538.0,5.0,35313.0
2023-03-24,22963771.0,12348311773.0,536.0,539.0,535.0,539.0,1.0,24762.0
2023-03-27,17170557.0,9148085033.0,533.0,536.0,531.0,531.0,-8.0,17484.0
2023-03-28,18327556.0,9629323504.0,525.0,530.0,524.0,525.0,-6.0,20744.0
2023-03-29,17620195.0,9329137251.0,533.0,533.0,525.0,530.0,5.0,15653.0
2023-03-30,20380650.0,10894446851.0,536.0,537.0,531.0,535.0,5.0,18171.0
2023-03-31,24324776.0,12997575231.0,538.0,538.0,532.0,533.0,-2.0,15962.0
2023-04-06,26706549.0,14130223516.0,530.0,531.0,526.0,530.0,-3.0,19144.0
2023-04-07,11114272.0,5903807797.0,535.0,535.0,529.0,531.0,1.0,10285.0
2023-04-10,8203168.0,4350907176.0,533.0,533.0,528.0,529.0,-2.0,11698.0
2023-04-11,23087326.0,12101146147.0,522.0,527.0,522.0,524.0,-5.0,24432.0
2023-04-12,24772925.0,12870788209.0,523.0,524.0,517.0,520.0,-4.0,37158.0
2023-04-13,27501436.0,14121978133.0,515.0,517.0,510.0,510.0,-10.0,64834.0
2023-04-14,21174653.0,10936462759.0,516.0,520.0,513.0,516.0,6.0,19962.0
2023-04-17,17895837.0,9264789087.0,519.0,520.0,514.0,520.0,4.0,17444.0
2023-04-18,15687059.0,8097905529.0,518.0,520.0,514.0,515.0,-5.0,17087.0
2023-04-19,23209923.0,11881404238.0,517.0,518.0,509.0,510.0,-5.0,43281.0
2023-04-20,21002685.0,10780268259.0,512.0,516.0,510.0,513.0,3.0,16627.0
2023-04-21,25440179.0,13103618008.0,520.0,520.0,510.0,511.0,-2.0,22738.0
2023-04-24,17579661.0,8903570323.0,505.0,510.0,504.0,507.0,-4.0,31635.0
2023-04-25,40916105.0,20495640143.0,504.0,505.0,498.0,498.0,-9.0,92009.0
2023-04-26,33174539.0,16353670134.0,498.0,498.5,491.0,491.5,-6.5,58580.0
2023-04-27,34149043.0,16816693302.0,491.0,495.0,489.0,493.5,2.0,47699.0
2023-04-28,38812949.0,19433015577.0,498.5,502.0,498.0,502.0,8.5,23746.0
2023-05-02,17142380.0,8572554842.0,500.0,502.0,496.5,501.0,-1.0,18247.0
2023-05-03,12694698.0,6305914905.0,496.0,498.0,495.0,496.0,-5.0,25658.0
2023-05-04,13699933.0,6818128036.0,497.0,499.5,496.0,498.0,2.0,14801.0
2023-05-05,7898012.0,3949232374.0,500.0,502.0,498.5,500.0,2.0,10944.0
2023-05-08,11737287.0,5932968954.0,509.0,509.0,502.0,504.0,4.0,13709.0
2023-05-09,18762778.0,9530653802.0,507.0,510.0,505.0,510.0,6.0,17452.0
2023-05-10,19385820.0,9753130414.0,508.0,508.0,500.0,503.0,-7.0,26320.0
2023-05-11,13775130.0,6894746011.0,506.0,506.0,498.5,499.0,-4.0,20237.0
2023-05-12,20746928.0,10313384387.0,496.0,500.0,495.0,496.0,-3.0,27989.0
2023-05-15,15548031.0,7721867966.0,497.0,499.5,494.5,495.5,-0.5,16896.0
2023-05-16,24052785.0,12131536763.0,503.0,508.0,500.0,505.0,9.5,22355.0
2023-05-17,44352410.0,22870340267.0,508.0,521.0,506.0,519.0,14.0,52663.0
2023-05-18,46107848.0,24437734052.0,533.0,536.0,526.0,530.0,11.0,50359.0
2023-05-19,34742592.0,18476363730.0,535.0,535.0,529.0,532.0,2.0,39104.0
2023-05-22,19037508.0,10100912410.0,532.0,533.0,529.0,531.0,-1.0,18796.0
2023-05-23,20126817.0,10638352410.0,530.0,531.0,525.0,530.0,-1.0,15826.0
2023-05-24,22621221.0,11888325332.0,527.0,528.0,524.0,525.0,-5.0,16339.0
2023-05-25,68360924.0,36976525917.0,542.0,545.0,537.0,543.0,18.0,80930.0
2023-05-26,104924623.0,59322536825.0,568.0,568.0,563.0,566.0,23.0,131612.0
2023-05-29,58813792.0,33454887785.0,574.0,574.0,564.0,568.0,2.0,52250.0
2023-05-30,47490594.0,26861389177.0,566.0,568.0,563.0,566.0,-2.0,32956.0
2023-05-31,90675529.0,50573324515.0,560.0,562.0,551.0,558.0,-8.0,39679.0
2023-06-01,25257673.0,13920836412.0,550.0,554.0,550.0,551.0,-7.0,25441.0
2023-06-02,34705102.0,19460144774.0,559.0,564.0,557.0,562.0,11.0,30644.0
2023-06-05,17483804.0,9730882750.0,560.0,560.0,555.0,555.0,-7.0,20211.0
2023-06-06,21562088.0,12043550635.0,554.0,562.0,553.0,560.0,5.0,15551.0
2023-06-07,29091913.0,16449319451.0,561.0,568.0,560.0,568.0,8.0,29548.0
2023-06-08,25250687.0,14190442437.0,562.0,568.0,555.0,559.0,-9.0,27238.0
2023-06-09,19776199.0,11160654540.0,561.0,566.0,561.0,565.0,6.0,16713.0
2023-06-12,28656646.0,16431644333.0,574.0,574.0,571.0,574.0,9.0,38130.0
2023-06-13,62671781.0,37077358748.0,593.0,594.0,589.0,593.0,19.0,84903.0
2023-06-14,25981992.0,15311616372.0,590.0,591.0,587.0,590.0,-3.0,28171.0
2023-06-15,29868798.0,17618169127.0,590.0,593.0,587.0,591.0,0.0,28303.0
2023-06-16,41560389.0,24417862365.0,590.0,590.0,584.0,589.0,-2.0,27450.0
2023-06-19,14883308.0,8682282040.0,583.0,585.0,582.0,583.0,-6.0,18979.0
2023-06-20,17013418.0,9902274410.0,579.0,585.0,579.0,583.0,0.0,17658.0
2023-06-21,23718735.0,13782152333.0,582.0,585.0,578.0,581.0,-2.0,25132.0
2023-06-26,29870090.0,17192208130.0,576.0,578.0,574.0,574.0,-7.0,28167.0
2023-06-27,22447417.0,12847067878.0,570.0,575.0,569.0,572.0,-2.0,20736.0
2023-06-28,18684508.0,10734873692.0,579.0,579.0,571.0,574.0,2.0,15939.0
2023-06-29,18046268.0,10372330946.0,578.0,580.0,570.0,573.0,-1.0,17649.0
2023-06-30,33830922.0,19401712736.0,570.0,576.0,568.0,576.0,3.0,20529.0
2023-07-03,15118041.0,8743824984.0,578.0,580.0,576.0,579.0,3.0,15659.0
2023-07-04,17777363.0,10361905547.0,585.0,585.0,580.0,585.0,6.0,18848.0
2023-07-05,15553503.0,9060750346.0,589.0,589.0,579.0,582.0,-3.0,16504.0
2023-07-06,32069711.0,18234491768.0,573.0,574.0,565.0,565.0,-17.0,60108.0
2023-07-07,19858943.0,11244712238.0,565.0,572.0,563.0,565.0,0.0,21855.0
2023-07-10,18996089.0,10794393087.0,567.0,573.0,565.0,565.0,0.0,17792.0
2023-07-11,18566571.0,10665245909.0,574.0,577.0,570.0,577.0,12.0,17795.0
2023-07-12,16220006.0,9338600582.0,574.0,578.0,572.0,578.0,1.0,14426.0
2023-07-13,26878397.0,15790086719.0,587.0,590.0,585.0,585.0,7.0,32540.0
2023-07-14,24381177.0,14372679526.0,589.0,591.0,587.0,591.0,6.0,26789.0
2023-07-17,14311753.0,8428551949.0,588.0,591.0,587.0,591.0,0.0,18226.0
2023-07-18,22022410.0,12866196578.0,587.0,588.0,580.0,581.0,-10.0,31079.0
2023-07-19,24909638.0,14517904258.0,584.0,587.0,579.0,581.0,0.0,20069.0
2023-07-20,15676734.0,9102325307.0,580.0,584.0,578.0,579.0,-2.0,19382.0
2023-07-21,52275128.0,29291080481.0,560.0,563.0,557.0,560.0,-19.0,86810.0
2023-07-24,27656825.0,15469188055.0,557.0,563.0,557.0,558.0,-2.0,30269.0
2023-07-25,22767807.0,12899067927.0,561.0,569.0,561.0,569.0,11.0,21119.0
2023-07-26,15147698.0,8586520667.0,569.0,571.0,563.0,566.0,-3.0,21679.0
2023-07-27,13004888.0,7396939592.0,570.0,570.0,566.0,569.0,3.0,12672.0
2023-07-28,19009675.0,10814265557.0,569.0,573.0,565.0,567.0,-2.0,19313.0
2023-07-31,28409339.0,16044638425.0,575.0,575.0,560.0,565.0,-2.0,28425.0
2023-08-01,18916866.0,10711815419.0,565.0,568.0,564.0,567.0,2.0,13827.0
2023-08-02,34495766.0,19394908189.0,567.0,569.0,558.0,561.0,-6.0,34408.0
2023-08-04,29320685.0,16266624892.0,556.0,560.0,552.0,554.0,-7.0,47739.0
2023-08-07,15607870.0,8719529904.0,558.0,561.0,556.0,558.0,4.0,13239.0
2023-08-08,21167596.0,11708530913.0,558.0,558.0,551.0,552.0,-6.0,33867.0
2023-08-09,15088059.0,8355524852.0,550.0,557.0,550.0,554.0,2.0,14590.0
2023-08-10,18884431.0,10418779108.0,552.0,554.0,550.0,551.0,-3.0,21572.0
2023-08-11,24816095.0,13663661565.0,556.0,558.0,546.0,546.0,-5.0,33682.0
2023-08-14,24728477.0,13344853868.0,540.0,543.0,537.0,541.0,-5.0,44024.0
2023-08-15,16341396.0,8859336259.0,543.0,545.0,540.0,542.0,1.0,20787.0
2023-08-16,29612963.0,15981443678.0,541.0,543.0,536.0,542.0,0.0,44555.0
2023-08-17,24070209.0,13048399357.0,540.0,546.0,537.0,544.0,2.0,18167.0
2023-08-18,19582982.0,10591633376.0,540.0,544.0,539.0,539.0,-5.0,21346.0
2023-08-21,18313588.0,9840509268.0,544.0,544.0,534.0,537.0,-2.0,33922.0
2023-08-22,14853796.0,8041168413.0,544.0,544.0,538.0,541.0,4.0,13606.0
2023-08-23,21701684.0,11920663477.0,546.0,552.0,544.0,552.0,11.0,21521.0
2023-08-24,24409517.0,13715472727.0,563.0,564.0,558.0,564.0,12.0,28550.0
2023-08-25,25782760.0,14141567044.0,549.0,551.0,546.0,546.0,-18.0,42456.0
2023-08-28,9384631.0,5166103257.0,547.0,553.0,547.0,549.0,3.0,11096.0
2023-08-29,10969386.0,6035376093.0,551.0,553.0,546.0,552.0,3.0,11040.0
2023-08-30,18674649.0,10396527428.0,558.0,560.0,554.0,555.0,3.0,14916.0
2023-08-31,47265347.0,25978808976.0,553.0,556.0,548.0,549.0,-6.0,19831.0
2023-09-01,15194921.0,8331995536.0,543.0,553.0,543.0,548.0,-1.0,12739.0
2023-09-04,9772925.0,5412329762.0,549.0,557.0,549.0,557.0,9.0,12158.0
2023-09-05,14337041.0,7911531475.0,553.0,555.0,550.0,552.0,-5.0,13714.0
2023-09-06,14442757.0,7972706415.0,556.0,556.0,550.0,550.0,-2.0,12752.0
2023-09-07,22610385.0,12305542681.0,546.0,548.0,542.0,542.0,-8.0,41564.0
2023-09-08,16702110.0,8980038278.0,535.0,540.0,535.0,539.0,-3.0,36672.0
2023-09-11,15540773.0,8348107210.0,539.0,540.0,536.0,536.0,-3.0,31155.0
2023-09-12,17135765.0,9268673682.0,536.0,545.0,536.0,544.0,8.0,20545.0
2023-09-13,16836487.0,9146776791.0,545.0,548.0,541.0,541.0,-3.0,18111.0
2023-09-14,18377284.0,10058129685.0,544.0,550.0,543.0,550.0,0.0,19037.0
2023-09-15,44681949.0,24818735444.0,549.0,558.0,547.0,558.0,8.0,18023.0
2023-09-18,40148161.0,21843932948.0,548.0,549.0,540.0,540.0,-18.0,58958.0
2023-09-19,21099739.0,11374956906.0,539.0,543.0,538.0,538.0,-2.0,45323.0
2023-09-20,28098535.0,15065407249.0,536.0,538.0,535.0,535.0,-3.0,50355.0
2023-09-21,35984810.0,19006048743.0,530.0,531.0,526.0,527.0,-8.0,96356.0
2023-09-22,33499481.0,17519111007.0,523.0,525.0,522.0,522.0,-5.0,68488.0
2023-09-25,20583374.0,10814706278.0,522.0,529.0,522.0,525.0,3.0,23438.0
2023-09-26,29064997.0,15130935931.0,521.0,524.0,519.0,519.0,-6.0,66748.0
2023-09-27,18655088.0,9709749290.0,517.0,523.0,516.0,522.0,3.0,22249.0
2023-09-28,28350350.0,14826254349.0,523.0,525.0,520.0,523.0,1.0,20589.0
2023-10-02,26891996.0,14300676237.0,530.0,534.0,528.0,533.0,10.0,23151.0
2023-10-03,17601440.0,9335110434.0,528.0,533.0,528.0,529.0,-4.0,17430.0
2023-10-04,29808729.0,15519741014.0,521.0,523.0,519.0,520.0,-9.0,49176.0
2023-10-05,25749184.0,13563941939.0,523.0,529.0,523.0,528.0,8.0,19027.0
2023-10-06,16160314.0,8587684448.0,530.0,533.0,529.0,532.0,4.0,14047.0
2023-10-11,61670562.0,33477968593.0,542.0,544.0,540.0,544.0,12.0,43385.0
2023-10-12,36350241.0,19916786786.0,545.0,550.0,544.0,550.0,6.0,35333.0
2023-10-13,34704924.0,19128100250.0,550.0,554.0,548.0,553.0,3.0,31159.0
2023-10-16,21867048.0,11909042136.0,546.0,547.0,542.0,545.0,-8.0,21225.0
2023-10-17,19462529.0,10712565922.0,550.0,552.0,548.0,551.0,6.0,19538.0
2023-10-18,28848123.0,15664232734.0,549.0,549.0,540.0,540.0,-11.0,27159.0
2023-10-19,26999255.0,14717458172.0,540.0,548.0,540.0,546.0,6.0,18309.0
2023-10-20,49143932.0,27116129760.0,549.0,556.0,546.0,556.0,10.0,41402.0
2023-10-23,24172637.0,13193058890.0,552.0,553.0,543.0,544.0,-12.0,23393.0
2023-10-24,15761516.0,8562488660.0,543.0,546.0,540.0,544.0,0.0,15637.0
2023-10-25,17137199.0,9371422161.0,544.0,551.0,544.0,544.0,0.0,12233.0
2023-10-26,31682955.0,16851704175.0,530.0,535.0,530.0,531.0,-13.0,45750.0
2023-10-27,17050787.0,9094404470.0,534.0,536.0,532.0,533.0,2.0,14773.0
2023-10-30,23299422.0,12374705789.0,531.0,534.0,528.0,532.0,-1.0,24536.0
2023-10-31,28073280.0,14873552534.0,535.0,535.0,527.0,529.0,-3.0,32067.0
2023-11-01,14028881.0,7432561094.0,533.0,533.0,527.0,528.0,-1.0,15452.0
2023-11-02,31075778.0,16846430251.0,536.0,547.0,535.0,547.0,19.0,32075.0
2023-11-03,16673456.0,9129495705.0,547.0,549.0,545.0,549.0,2.0,17911.0
2023-11-06,31297186.0,17321453879.0,553.0,556.0,550.0,550.0,1.0,32684.0
2023-11-07,16990175.0,9406486499.0,552.0,555.0,550.0,555.0,5.0,15356.0
2023-11-08,16780331.0,9308096586.0,550.0,557.0,550.0,556.0,1.0,17845.0
2023-11-09,13649525.0,7577883144.0,551.0,557.0,551.0,557.0,1.0,12731.0
2023-11-10,14105575.0,7841514218.0,555.0,557.0,554.0,557.0,0.0,15342.0
2023-11-13,46556047.0,26712320428.0,579.0,580.0,571.0,571.0,14.0,51281.0
2023-11-14,25366980.0,14553766501.0,576.0,576.0,571.0,572.0,1.0,29653.0
2023-11-15,53122455.0,30807985243.0,583.0,583.0,575.0,581.0,9.0,56108.0
2023-11-16,31059487.0,18056972159.0,581.0,583.0,578.0,583.0,2.0,25771.0
2023-11-17,22878229.0,13295351545.0,579.0,583.0,579.0,580.0,-3.0,22517.0
2023-11-20,26606128.0,15343389700.0,576.0,579.0,575.0,577.0,-3.0,21159.0
2023-11-21,39880714.0,23286785359.0,582.0,585.0,581.0,585.0,8.0,35442.0
2023-11-22,23922047.0,13783944507.0,576.0,579.0,574.0,577.0,-8.0,31701.0
2023-11-23,15143501.0,8714906968.0,574.0,578.0,574.0,578.0,1.0,15621.0
2023-11-24,12503334.0,7192811445.0,577.0,578.0,574.0,575.0,-3.0,12961.0
2023-11-27,20321872.0,11598721713.0,573.0,577.0,568.0,568.0,-7.0,28620.0
2023-11-28,26932029.0,15393289150.0,565.0,576.0,565.0,575.0,7.0,17693.0
2023-11-29,27786565.0,15937354487.0,578.0,579.0,570.0,574.0,-1.0,23135.0
2023-11-30,54365027.0,31284297816.0,576.0,577.0,570.0,577.0,3.0,18807.0
2023-12-01,28797795.0,16600169332.0,573.0,579.0,573.0,579.0,2.0,18507.0
2023-12-04,29424299.0,16917950637.0,582.0,582.0,571.0,574.0,-5.0,23004.0
2023-12-05,27355530.0,15570195609.0,571.0,572.0,567.0,570.0,-4.0,26933.0
2023-12-06,23116422.0,13197098680.0,568.0,575.0,568.0,570.0,0.0,15802.0
2023-12-07,24259384.0,13786125780.0,570.0,573.0,566.0,566.0,-4.0,26821.0
2023-12-08,39243978.0,22520643109.0,574.0,577.0,570.0,570.0,4.0,23505.0
2023-12-11,29204446.0,16730528425.0,572.0,575.0,570.0,574.0,4.0,19353.0
2023-12-12,32856787.0,19003744361.0,580.0,581.0,575.0,578.0,4.0,22572.0
2023-12-13,24327758.0,14033215240.0,576.0,579.0,576.0,577.0,-1.0,18524.0
2023-12-14,40580966.0,23556973793.0,581.0,582.0,579.0,582.0,0.0,33409.0
2023-12-15,58693166.0,34304458160.0,585.0,586.0,580.0,585.0,3.0,35791.0
2023-12-18,26938728.0,15672718097.0,579.0,585.0,577.0,585.0,0.0,22094.0
2023-12-19,30591879.0,17885392353.0,588.0,588.0,580.0,585.0,0.0,21981.0
2023-12-20,38628249.0,22578626040.0,587.0,587.0,583.0,585.0,0.0,25685.0
2023-12-21,26007263.0,14995966443.0,577.0,579.0,575.0,577.0,-8.0,33077.0
2023-12-22,19328302.0,11226845287.0,582.0,582.0,579.0,582.0,5.0,14330.0
2023-12-25,9994163.0,5820235840.0,582.0,585.0,580.0,581.0,-1.0,12786.0
2023-12-26,17033926.0,9963615754.0,583.0,586.0,582.0,586.0,5.0,22883.0
2023-12-27,34750958.0,20491144772.0,587.0,592.0,586.0,592.0,6.0,37372.0
2023-12-28,27152352.0,16064106365.0,592.0,593.0,589.0,593.0,1.0,26497.0
2023-12-29,20155619.0,11931171966.0,589.0,593.0,589.0,593.0,0.0,20081.0
2024-01-02,27997826.0,16549619798.0,590.0,593.0,589.0,593.0,0.0,20667.0
2024-01-03,40134497.0,23267025945.0,584.0,585.0,576.0,578.0,-15.0,56916.0
2024-01-04,18063758.0,10466284102.0,580.0,581.0,577.0,580.0,2.0,15010.0
2024-01-05,22008878.0,12685460114.0,578.0,580.0,574.0,576.0,-4.0,28660.0
2024-01-08,19270119.0,11232942053.0,582.0,585.0,579.0,583.0,7.0,19950.0
2024-01-09,23718766.0,13909252422.0,588.0,589.0,583.0,586.0,3.0,23975.0
2024-01-10,13708117.0,8006229126.0,581.0,586.0,580.0,584.0,-2.0,16104.0
2024-01-11,27842729.0,16323168586.0,586.0,589.0,583.0,586.0,2.0,20754.0
2024-01-12,17636558.0,10304253419.0,581.0,588.0,581.0,584.0,-2.0,15765.0
2024-01-15,21900687.0,12873769022.0,590.0,590.0,585.0,586.0,2.0,21886.0
2024-01-16,28889681.0,16817280777.0,581.0,588.0,579.0,580.0,-6.0,21938.0
2024-01-17,46857735.0,27229863028.0,583.0,584.0,578.0,581.0,1.0,28790.0
2024-01-18,36746623.0,21575062923.0,586.0,589.0,585.0,588.0,7.0,28621.0
2024-01-19,176166037.0,109423769320.0,625.0,627.0,614.0,626.0,38.0,207364.0
2024-01-22,70829523.0,44436449501.0,633.0,633.0,623.0,626.0,0.0,56376.0
2024-01-23,45761889.0,28681559251.0,629.0,629.0,622.0,628.0,2.0,34729.0
2024-01-24,29905121.0,18779693566.0,628.0,630.0,624.0,627.0,-1.0,27062.0
2024-01-25,59214638.0,37803501446.0,635.0,642.0,633.0,642.0,15.0,85006.0
2024-01-26,44103850.0,28392638215.0,644.0,646.0,639.0,644.0,2.0,41691.0
2024-01-29,29828008.0,19268444564.0,646.0,648.0,644.0,648.0,4.0,32347.0
2024-01-30,40398877.0,26028211247.0,642.0,647.0,642.0,642.0,-6.0,35002.0
2024-01-31,47554701.0,29978630024.0,634.0,637.0,626.0,628.0,-14.0,61811.0
2024-02-01,46924943.0,29237425981.0,625.0,628.0,619.0,628.0,0.0,51671.0
2024-02-02,27797894.0,17563853315.0,633.0,635.0,628.0,635.0,7.0,22257.0
2024-02-05,48037344.0,30931242935.0,645.0,647.0,638.0,646.0,11.0,51065.0
2024-02-15,132263803.0,92592826951.0,709.0,709.0,693.0,697.0,51.0,130374.0
2024-02-16,48963167.0,33742716965.0,697.0,699.0,683.0,683.0,-14.0,56882.0
2024-02-19,36366837.0,24665534552.0,674.0,682.0,674.0,678.0,-5.0,35240.0
2024-02-20,31403730.0,21494427969.0,675.0,688.0,675.0,687.0,9.0,32847.0
2024-02-21,31980543.0,21748906940.0,678.0,683.0,678.0,681.0,-6.0,36004.0
2024-02-22,34269392.0,23664176835.0,695.0,695.0,685.0,692.0,11.0,36998.0
2024-02-23,48404478.0,33847447281.0,701.0,703.0,696.0,697.0,5.0,48018.0
2024-02-26,29976379.0,20917136411.0,700.0,700.0,695.0,698.0,1.0,25850.0
2024-02-27,35389548.0,24647159479.0,700.0,701.0,691.0,698.0,0.0,31145.0
2024-02-29,59337072.0,40973093720.0,691.0,698.0,688.0,690.0,-8.0,39066.0
2024-03-01,24167721.0,16699995060.0,697.0,697.0,688.0,689.0,-1.0,26282.0
2024-03-04,97210112.0,69868348694.0,714.0,725.0,711.0,725.0,36.0,125799.0
2024-03-05,73299411.0,53751887376.0,735.0,738.0,728.0,730.0,5.0,69851.0
2024-03-06,52464833.0,38203868985.0,718.0,738.0,717.0,735.0,5.0,49897.0
2024-03-07,80382406.0,61221034146.0,755.0,769.0,754.0,760.0,25.0,96348.0
2024-03-08,98069174.0,77295575097.0,795.0,796.0,772.0,784.0,24.0,110758.0
2024-03-11,73436931.0,56348050108.0,768.0,778.0,761.0,766.0,-18.0,107368.0
2024-03-12,63336798.0,48288411581.0,757.0,771.0,754.0,770.0,4.0,56154.0
2024-03-13,43130896.0,33672441212.0,785.0,785.0,777.0,779.0,9.0,37744.0
2024-03-14,48964017.0,38196293503.0,779.0,785.0,770.0,784.0,5.0,35137.0
2024-03-15,80580846.0,61451780435.0,771.0,777.0,753.0,753.0,-31.0,95014.0
2024-03-18,46006400.0,34967084535.0,754.0,765.0,754.0,764.0,0.0,40073.0
2024-03-19,32078900.0,24399917859.0,758.0,765.0,755.0,762.0,-2.0,31208.0
2024-03-20,48788389.0,37117091830.0,764.0,769.0,752.0,758.0,-4.0,46702.0
2024-03-21,47759094.0,37203673872.0,773.0,784.0,772.0,784.0,26.0,48467.0
2024-03-22,32629749.0,25521571701.0,788.0,789.0,775.0,785.0,1.0,33054.0
2024-03-25,21223414.0,16612693369.0,783.0,788.0,779.0,780.0,-5.0,24794.0
2024-03-26,43103294.0,33847261033.0,788.0,792.0,776.0,782.0,2.0,35046.0
2024-03-27,19732209.0,15418346943.0,785.0,785.0,779.0,779.0,-3.0,21006.0
2024-03-28,28393398.0,21889883699.0,774.0,776.0,768.0,769.0,-10.0,39848.0
2024-03-29,20212820.0,15682908766.0,769.0,781.0,768.0,779.0,10.0,18110.0
2024-04-01,22348250.0,17301753062.0,783.0,783.0,769.0,770.0,-9.0,28192.0
2024-04-02,42219075.0,33230356267.0,784.0,790.0,783.0,790.0,20.0,41138.0
2024-04-03,32909892.0,25719094412.0,783.0,785.0,778.0,780.0,-10.0,36003.0
2024-04-08,40567580.0,31925988285.0,789.0,792.0,783.0,783.0,3.0,29304.0
2024-04-09,61642573.0,49946542596.0,795.0,820.0,792.0,819.0,36.0,89138.0
2024-04-10,31109466.0,25358780514.0,815.0,819.0,810.0,815.0,-4.0,39131.0
2024-04-11,27772972.0,22655121636.0,811.0,820.0,811.0,820.0,5.0,34739.0
2024-04-12,32473155.0,26663806808.0,823.0,826.0,817.0,818.0,-2.0,38091.0
2024-04-15,41251141.0,33300372097.0,804.0,812.0,803.0,806.0,-12.0,60451.0
2024-04-16,54120813.0,42833069476.0,802.0,803.0,785.0,788.0,-18.0,127956.0
2024-04-17,36616351.0,29324186091.0,798.0,808.0,793.0,804.0,16.0,43890.0
2024-04-18,45765617.0,36684269610.0,796.0,810.0,792.0,804.0,0.0,46571.0
2024-04-19,143868560.0,109032970933.0,769.0,770.0,746.0,750.0,-54.0,356590.0
2024-04-22,52354944.0,39093628250.0,740.0,757.0,740.0,742.0,-8.0,103120.0
2024-04-23,32067682.0,24247217869.0,761.0,761.0,752.0,754.0,12.0,34807.0
2024-04-24,41652749.0,32458429294.0,770.0,785.0,769.0,783.0,29.0,58442.0
2024-04-25,30492037.0,23412746667.0,770.0,774.0,765.0,766.0,-17.0,64220.0
2024-04-26,34721905.0,27272338208.0,788.0,789.0,782.0,782.0,16.0,42824.0
2024-04-29,30704200.0,24322394064.0,790.0,795.0,787.0,795.0,13.0,35585.0
2024-04-30,41627249.0,33118845170.0,797.0,802.0,790.0,790.0,-5.0,40926.0
2024-05-02,47536363.0,36983047647.0,789.0,789.0,772.0,772.0,-18.0,85051.0
2024-05-03,31026748.0,24240817990.0,788.0,788.0,773.0,780.0,8.0,35153.0
2024-05-06,33733509.0,26644713164.0,791.0,793.0,786.0,786.0,6.0,32394.0
2024-05-07,35917824.0,28623349239.0,797.0,800.0,792.0,800.0,14.0,38340.0
2024-05-08,22585765.0,18032263877.0,794.0,802.0,792.0,802.0,2.0,23525.0
2024-05-09,22863681.0,18267303103.0,798.0,802.0,796.0,796.0,-6.0,23671.0
2024-05-10,27560431.0,22107595449.0,803.0,807.0,798.0,802.0,6.0,41029.0
2024-05-13,38146948.0,31315059679.0,823.0,825.0,818.0,819.0,17.0,49327.0
2024-05-14,29663617.0,24309306615.0,816.0,825.0,811.0,825.0,6.0,34685.0
2024-05-15,41805778.0,35112739055.0,838.0,844.0,837.0,839.0,14.0,57892.0
2024-05-16,46276890.0,39179826883.0,852.0,856.0,837.0,841.0,2.0,60617.0
2024-05-17,27855719.0,23373478247.0,848.0,848.0,834.0,835.0,-6.0,38718.0
2024-05-20,30148330.0,25069342221.0,834.0,838.0,822.0,835.0,0.0,43094.0
2024-05-21,20548110.0,17214095315.0,830.0,841.0,830.0,841.0,6.0,20770.0
2024-05-22,40904357.0,35027824713.0,845.0,865.0,843.0,864.0,23.0,63360.0
2024-05-23,40771207.0,35638205695.0,875.0,877.0,867.0,875.0,11.0,50325.0
2024-05-24,37353467.0,32358555678.0,858.0,872.0,858.0,867.0,-8.0,50611.0
2024-05-27,32691921.0,28496096179.0,872.0,878.0,866.0,869.0,2.0,42682.0
2024-05-28,32712504.0,28375286215.0,867.0,873.0,865.0,865.0,-4.0,37323.0
2024-05-29,51073346.0,43924367680.0,861.0,868.0,856.0,857.0,-8.0,67680.0
2024-05-30,42535118.0,35840589611.0,841.0,848.0,838.0,838.0,-19.0,110390.0
2024-05-31,90177283.0,74602358441.0,838.0,846.0,821.0,821.0,-17.0,102070.0
2024-06-03,29629706.0,25053781742.0,839.0,853.0,837.0,846.0,25.0,40694.0
2024-06-04,31031104.0,26107162214.0,844.0,851.0,837.0,839.0,-7.0,52392.0
2024-06-05,37531781.0,31774150536.0,841.0,857.0,835.0,854.0,15.0,41869.0
2024-06-06,67300344.0,60138015941.0,893.0,899.0,885.0,894.0,40.0,112332.0
2024-06-07,44489018.0,39240336617.0,885.0,888.0,879.0,879.0,-15.0,85990.0
2024-06-11,57435637.0,51091497348.0,892.0,895.0,883.0,883.0,4.0,47589.0
2024-06-12,51874967.0,46791431521.0,888.0,914.0,888.0,909.0,26.0,74526.0
2024-06-13,59656092.0,54980784829.0,923.0,935.0,911.0,919.0,0.0,98777.0
2024-06-14,43289572.0,39603293460.0,916.0,922.0,905.0,922.0,3.0,62552.0
2024-06-17,28796529.0,26475733502.0,913.0,925.0,913.0,921.0,-1.0,44582.0
2024-06-18,40870419.0,38583515635.0,944.0,950.0,940.0,943.0,22.0,55791.0
2024-06-19,76684138.0,74395758883.0,953.0,984.0,953.0,981.0,38.0,117235.0
2024-06-20,52144900.0,50859632569.0,971.0,981.0,971.0,981.0,0.0,107978.0
2024-06-21,97995843.0,94882220706.0,961.0,978.0,960.0,970.0,-11.0,131503.0
2024-06-24,74081708.0,70162177693.0,958.0,960.0,940.0,940.0,-30.0,227255.0
2024-06-25,62079701.0,57978440842.0,925.0,945.0,923.0,945.0,5.0,103844.0
2024-06-26,48821135.0,46668874056.0,951.0,960.0,951.0,960.0,15.0,56563.0
2024-06-27,41276086.0,39447006518.0,951.0,961.0,949.0,960.0,0.0,41133.0
2024-06-28,42998776.0,41476565443.0,956.0,971.0,955.0,966.0,6.0,42853.0
2024-07-01,20936005.0,20320957284.0,968.0,977.0,965.0,968.0,2.0,38293.0
2024-07-02,27992930.0,26971516491.0,967.0,971.0,959.0,960.0,-8.0,38928.0
2024-07-03,25022531.0,24386705873.0,976.0,979.0,967.0,979.0,19.0,36096.0
2024-07-04,47251502.0,47347126144.0,1000.0,1010.0,997.0,1005.0,26.0,92002.0
2024-07-05,21735614.0,21827958195.0,1005.0,1010.0,1000.0,1005.0,0.0,35802.0
2024-07-08,45678332.0,47210175550.0,1005.0,1050.0,1000.0,1035.0,30.0,74909.0
2024-07-09,54339957.0,56382512235.0,1030.0,1055.0,1025.0,1040.0,5.0,74954.0
2024-07-10,51810372.0,53308027550.0,1020.0,1050.0,1015.0,1045.0,5.0,61199.0
2024-07-11,49304453.0,52782475514.0,1065.0,1080.0,1055.0,1080.0,35.0,65005.0
2024-07-12,79472761.0,82222185037.0,1030.0,1045.0,1025.0,1040.0,-40.0,175230.0
2024-07-15,44123104.0,45805242410.0,1040.0,1045.0,1025.0,1040.0,0.0,51387.0
2024-07-16,36244442.0,38188299315.0,1040.0,1070.0,1035.0,1055.0,15.0,42202.0
2024-07-17,62390596.0,64372740657.0,1035.0,1045.0,1020.0,1030.0,-25.0,140918.0
2024-07-18,94327431.0,93948039256.0,988.0,1005.0,986.0,1005.0,-25.0,305207.0
2024-07-19,110541544.0,108678133437.0,988.0,995.0,970.0,970.0,-35.0,475484.0
2024-07-22,90266550.0,85567920175.0,964.0,965.0,938.0,939.0,-31.0,307235.0
2024-07-23,53439290.0,51686291065.0,963.0,979.0,956.0,979.0,40.0,96981.0
2024-07-26,95625050.0,88299582909.0,915.0,930.0,915.0,924.0,-55.0,357707.0
2024-07-29,44000914.0,41481319942.0,942.0,948.0,936.0,944.0,20.0,78605.0
2024-07-30,45996400.0,42988422577.0,930.0,949.0,926.0,940.0,-4.0,86139.0
2024-07-31,47407263.0,44270020990.0,929.0,940.0,928.0,934.0,-6.0,62829.0
2024-08-01,50257642.0,48211390158.0,969.0,969.0,948.0,960.0,26.0,66845.0
2024-08-02,89044852.0,81488499047.0,918.0,928.0,903.0,903.0,-57.0,451562.0
2024-08-05,159662795.0,133482646539.0,852.0,857.0,813.0,815.0,-88.0,588373.0
2024-08-06,108521787.0,94271532567.0,868.0,895.0,840.0,880.0,65.0,189677.0
2024-08-07,62643163.0,56900026373.0,901.0,920.0,893.0,920.0,40.0,109333.0
2024-08-08,41288222.0,37045507217.0,901.0,905.0,887.0,896.0,-24.0,107303.0
2024-08-09,54464183.0,50586946042.0,927.0,934.0,922.0,934.0,38.0,94661.0
2024-08-12,40968742.0,38572439136.0,942.0,948.0,931.0,940.0,6.0,73731.0
2024-08-13,26831364.0,25227760336.0,945.0,945.0,937.0,941.0,1.0,39633.0
2024-08-14,40527779.0,38507151446.0,951.0,955.0,945.0,948.0,7.0,56190.0
2024-08-15,21714163.0,20528538286.0,945.0,950.0,941.0,943.0,-5.0,42553.0
2024-08-16,49830670.0,48022581452.0,963.0,969.0,958.0,969.0,26.0,86023.0
2024-08-19,22416274.0,21737948903.0,969.0,975.0,964.0,973.0,4.0,43467.0
2024-08-20,26420625.0,25701355510.0,977.0,977.0,968.0,973.0,0.0,43667.0
2024-08-21,32606816.0,31287150192.0,961.0,964.0,956.0,958.0,-15.0,83432.0
2024-08-22,25850379.0,24661701935.0,958.0,964.0,948.0,951.0,-7.0,58791.0
2024-08-23,31203321.0,29530574857.0,944.0,952.0,939.0,949.0,-2.0,57023.0
2024-08-26,26518126.0,25271527066.0,957.0,961.0,945.0,950.0,1.0,50970.0
2024-08-27,19969925.0,18819208932.0,945.0,946.0,940.0,942.0,-8.0,53273.0
2024-08-28,33519083.0,31994192847.0,945.0,964.0,943.0,964.0,22.0,45785.0
2024-08-29,46275772.0,43616354135.0,942.0,947.0,937.0,943.0,-21.0,103424.0
2024-08-30,75533393.0,71355905880.0,944.0,952.0,941.0,944.0,1.0,34366.0
2024-09-02,19272593.0,18270058260.0,950.0,955.0,943.0,948.0,4.0,31642.0
2024-09-03,23205623.0,21908471541.0,948.0,952.0,939.0,940.0,-8.0,47139.0
2024-09-04,93169835.0,83424133824.0,894.0,905.0,888.0,889.0,-51.0,393210.0
2024-09-05,34147890.0,30998595394.0,907.0,915.0,900.0,902.0,13.0,63902.0
2024-09-06,28248063.0,25786016936.0,909.0,918.0,903.0,918.0,16.0,38415.0
2024-09-09,38448946.0,34456838126.0,892.0,900.0,891.0,899.0,-19.0,102365.0
2024-09-10,34312646.0,31067424234.0,907.0,911.0,901.0,904.0,5.0,45141.0
2024-09-11,19513256.0,17621000956.0,906.0,906.0,900.0,901.0,-3.0,30789.0
2024-09-12,43749260.0,40999951508.0,936.0,944.0,928.0,940.0,0.0,80643.0
2024-09-13,28307441.0,26795862243.0,955.0,955.0,939.0,947.0,7.0,39071.0
2024-09-16,14456888.0,13692259575.0,952.0,952.0,943.0,947.0,0.0,26421.0
2024-09-18,30094662.0,28303054525.0,945.0,948.0,933.0,941.0,-6.0,46622.0
2024-09-19,35254383.0,33482773635.0,940.0,960.0,936.0,960.0,19.0,53494.0
2024-09-20,66762167.0,65105344444.0,981.0,982.0,971.0,973.0,13.0,67911.0
2024-09-23,15399658.0,15013916758.0,971.0,977.0,971.0,977.0,4.0,26106.0
2024-09-24,29324170.0,28726805585.0,976.0,987.0,971.0,987.0,10.0,63433.0
2024-09-25,43039991.0,43053012337.0,1000.0,1005.0,998.0,1005.0,18.0,82005.0
2024-09-26,43341810.0,43835515361.0,1010.0,1015.0,1005.0,1015.0,10.0,78670.0
2024-09-27,37665070.0,38074974690.0,1020.0,1025.0,1000.0,1000.0,-15.0,52093.0
2024-09-30,66874949.0,65017701862.0,978.0,990.0,957.0,957.0,-43.0,166934.0
2024-10-01,27877267.0,27093881327.0,967.0,977.0,967.0,972.0,15.0,37862.0
2024-10-04,43765757.0,42845984122.0,986.0,986.0,967.0,977.0,5.0,43935.0
2024-10-07,43850831.0,43905376215.0,993.0,1010.0,989.0,1005.0,28.0,79851.0
2024-10-08,35344059.0,35503172585.0,1000.0,1010.0,997.0,1010.0,5.0,42227.0
2024-10-09,53208610.0,54663169800.0,1030.0,1035.0,1020.0,1020.0,10.0,80835.0
2024-10-11,47776351.0,49706577415.0,1025.0,1050.0,1020.0,1045.0,25.0,89915.0
2024-10-14,39906157.0,41745442865.0,1045.0,1055.0,1035.0,1045.0,0.0,49228.0
2024-10-15,52066470.0,55504081569.0,1050.0,1075.0,1050.0,1070.0,25.0,88895.0
2024-10-16,60312846.0,63228552464.0,1040.0,1070.0,1035.0,1045.0,-25.0,69585.0
2024-10-17,56618332.0,58862054838.0,1050.0,1055.0,1030.0,1035.0,-10.0,58589.0
2024-10-18,91036335.0,99230303460.0,1095.0,1100.0,1075.0,1085.0,50.0,132797.0
2024-10-21,42094031.0,45813114865.0,1090.0,1095.0,1080.0,1085.0,0.0,43553.0
2024-10-22,43740591.0,46707090730.0,1065.0,1075.0,1060.0,1075.0,-10.0,56089.0
2024-10-23,32895421.0,34912308143.0,1060.0,1070.0,1055.0,1060.0,-15.0,40549.0
2024-10-24,40791484.0,43477824029.0,1070.0,1075.0,1055.0,1060.0,0.0,42113.0
2024-10-25,23347890.0,24867260319.0,1065.0,1070.0,1060.0,1065.0,5.0,25884.0
2024-10-28,41665065.0,44216316045.0,1075.0,1080.0,1050.0,1050.0,-15.0,55098.0
2024-10-29,48097705.0,49680152085.0,1035.0,1040.0,1020.0,1040.0,-10.0,93617.0
2024-10-30,40765247.0,42368799669.0,1040.0,1055.0,1030.0,1030.0,-10.0,46750.0
2024-11-01,61545741.0,62269386415.0,996.0,1030.0,996.0,1025.0,-5.0,77404.0
2024-11-04,28225506.0,29263376605.0,1030.0,1045.0,1025.0,1040.0,15.0,33492.0
2024-11-05,33407780.0,34851674542.0,1030.0,1055.0,1030.0,1050.0,10.0,28872.0
2024-11-06,59404980.0,63110184620.0,1050.0,1080.0,1040.0,1060.0,10.0,58611.0
2024-11-07,46030563.0,48979606039.0,1050.0,1075.0,1050.0,1065.0,5.0,41583.0
2024-11-08,38840413.0,42224017162.0,1085.0,1090.0,1080.0,1090.0,25.0,58203.0
2024-11-11,36630666.0,39467913757.0,1080.0,1090.0,1070.0,1085.0,-5.0,48859.0
2024-11-12,54098799.0,57135037210.0,1060.0,1065.0,1050.0,1050.0,-35.0,92756.0
2024-11-13,46420969.0,48395649023.0,1045.0,1050.0,1035.0,1035.0,-15.0,75428.0
2024-11-14,49328914.0,50864201443.0,1030.0,1040.0,1025.0,1035.0,0.0,62545.0
2024-11-15,37405855.0,38824519360.0,1040.0,1045.0,1030.0,1035.0,0.0,38669.0
2024-11-18,33583180.0,34422999050.0,1030.0,1035.0,1020.0,1025.0,-10.0,56311.0
2024-11-19,25497606.0,26433399155.0,1030.0,1045.0,1025.0,1040.0,15.0,26315.0
2024-11-20,40203197.0,41541948790.0,1045.0,1050.0,1020.0,1025.0,-15.0,53280.0
2024-11-21,44679981.0,45374625920.0,1020.0,1025.0,1010.0,1010.0,-15.0,67481.0
2024-11-22,32509453.0,33754431973.0,1035.0,1050.0,1035.0,1040.0,30.0,28859.0
2024-11-25,54443912.0,56293841760.0,1045.0,1050.0,1030.0,1030.0,-10.0,34710.0
2024-11-26,31309332.0,31750783325.0,1015.0,1020.0,1010.0,1010.0,-20.0,79568.0
2024-11-27,34602143.0,34822499480.0,1010.0,1020.0,1000.0,1000.0,-10.0,111382.0
2024-11-28,37166049.0,37181706464.0,1005.0,1005.0,992.0,1005.0,5.0,82426.0
2024-11-29,43621329.0,43637043385.0,995.0,1010.0,994.0,996.0,-9.0,47567.0
2024-12-02,33333423.0,34325585125.0,1020.0,1040.0,1015.0,1035.0,39.0,42112.0
2024-12-03,48632084.0,51509603939.0,1060.0,1065.0,1055.0,1055.0,20.0,55988.0
2024-12-04,35431584.0,37738286825.0,1065.0,1070.0,1055.0,1070.0,15.0,45553.0
2024-12-05,41293183.0,44420331699.0,1070.0,1080.0,1070.0,1075.0,5.0,51311.0
2024-12-06,32090124.0,34306935479.0,1075.0,1080.0,1060.0,1065.0,-10.0,33697.0
2024-12-09,30255281.0,32409791931.0,1070.0,1075.0,1065.0,1075.0,10.0,25230.0
2024-12-10,32359253.0,34496134808.0,1070.0,1075.0,1060.0,1065.0,-10.0,31326.0
2024-12-11,26948940.0,28278772503.0,1045.0,1060.0,1045.0,1045.0,-20.0,47194.0
2024-12-12,26574460.0,28185087817.0,1060.0,1065.0,1055.0,1060.0,0.0,25096.0
2024-12-13,24329785.0,25873117992.0,1060.0,1070.0,1055.0,1065.0,5.0,25787.0
2024-12-16,43679921.0,47253709874.0,1085.0,1085.0,1075.0,1085.0,20.0,53568.0
2024-12-17,40033595.0,43428037809.0,1090.0,1095.0,1075.0,1075.0,-10.0,42830.0
2024-12-18,47331164.0,51170937776.0,1075.0,1090.0,1070.0,1085.0,10.0,40248.0
2024-12-19,46126529.0,49061396399.0,1065.0,1070.0,1055.0,1070.0,-15.0,62146.0
2024-12-20,56392109.0,58923043065.0,1060.0,1060.0,1035.0,1035.0,-35.0,85875.0
2024-12-23,32800319.0,35200907996.0,1065.0,1080.0,1060.0,1080.0,45.0,39942.0
2024-12-24,30069757.0,32689957470.0,1095.0,1095.0,1080.0,1080.0,0.0,36423.0
2024-12-25,16186220.0,17591123835.0,1090.0,1090.0,1080.0,1085.0,5.0,28032.0
2024-12-26,15017636.0,16328335510.0,1085.0,1090.0,1085.0,1085.0,0.0,23380.0
2024-12-27,26151993.0,28531251520.0,1080.0,1095.0,1080.0,1090.0,5.0,40184.0
2024-12-30,27437455.0,29944447716.0,1090.0,1095.0,1085.0,1090.0,0.0,28373.0
2024-12-31,29239004.0,31511634720.0,1080.0,1085.0,1075.0,1075.0,-15.0,32969.0
2025-01-02,45045125.0,47883206644.0,1070.0,1075.0,1055.0,1065.0,-10.0,74997.0
2025-01-03,31244211.0,33728652860.0,1080.0,1085.0,1075.0,1075.0,10.0,28227.0
2025-01-06,77874801.0,86585128825.0,1100.0,1125.0,1095.0,1125.0,50.0,130021.0
2025-01-07,54691485.0,62664127156.0,1150.0,1160.0,1130.0,1130.0,5.0,70657.0
2025-01-08,49181518.0,54760296689.0,1110.0,1130.0,1105.0,1105.0,-25.0,71736.0
2025-01-09,29916198.0,33052210793.0,1100.0,1115.0,1100.0,1100.0,-5.0,51544.0
2025-01-10,24475751.0,26996697889.0,1100.0,1110.0,1100.0,1100.0,0.0,38027.0
2025-01-13,62629547.0,68093421797.0,1110.0,1115.0,1070.0,1075.0,-25.0,118516.0
2025-01-14,31280235.0,33915048410.0,1085.0,1090.0,1075.0,1090.0,15.0,32218.0
2025-01-15,37966582.0,40677529813.0,1085.0,1085.0,1065.0,1065.0,-25.0,74906.0
2025-01-16,49872673.0,54934128041.0,1095.0,1115.0,1090.0,1105.0,40.0,54389.0
2025-01-17,60857371.0,67663576840.0,1125.0,1125.0,1095.0,1120.0,15.0,48829.0
2025-01-20,32062171.0,36076248367.0,1125.0,1135.0,1120.0,1120.0,0.0,37780.0
2025-01-21,24368832.0,27256307475.0,1115.0,1125.0,1110.0,1120.0,0.0,28262.0
2025-01-22,45996696.0,52510666410.0,1140.0,1150.0,1135.0,1135.0,15.0,59434.0
2025-02-03,113031525.0,120769676393.0,1065.0,1075.0,1060.0,1070.0,-65.0,247531.0
2025-02-04,57904652.0,63132252012.0,1085.0,1100.0,1080.0,1095.0,25.0,59315.0
2025-02-05,43082532.0,47931709801.0,1110.0,1120.0,1105.0,1110.0,15.0,51245.0
2025-02-06,33768196.0,37638807097.0,1120.0,1120.0,1105.0,1115.0,5.0,32994.0
2025-02-07,31107545.0,34745052940.0,1110.0,1125.0,1105.0,1125.0,10.0,35637.0
2025-02-10,31037109.0,34425517969.0,1125.0,1125.0,1095.0,1105.0,-20.0,60839.0
2025-02-11,21023057.0,23294288731.0,1110.0,1115.0,1100.0,1110.0,5.0,31837.0
2025-02-12,26190392.0,28966591975.0,1110.0,1115.0,1100.0,1100.0,-10.0,38511.0
2025-02-13,35681521.0,38806197999.0,1090.0,1095.0,1080.0,1090.0,-10.0,72456.0
2025-02-14,73417323.0,78100130074.0,1065.0,1070.0,1060.0,1060.0,-30.0,218986.0
2025-02-17,37215861.0,40057489554.0,1065.0,1085.0,1065.0,1085.0,25.0,57081.0
2025-02-18,24018940.0,26204727000.0,1085.0,1100.0,1080.0,1100.0,15.0,30650.0
2025-02-19,28756849.0,31328641002.0,1090.0,1095.0,1085.0,1090.0,-10.0,33952.0
2025-02-20,31108197.0,33537160793.0,1080.0,1085.0,1070.0,1080.0,-10.0,43395.0
2025-02-21,31480715.0,34322859039.0,1085.0,1095.0,1080.0,1095.0,15.0,29895.0
2025-02-24,33837606.0,36461265148.0,1080.0,1085.0,1075.0,1075.0,-20.0,47924.0
2025-02-25,53174277.0,56084293935.0,1055.0,1060.0,1050.0,1055.0,-20.0,178967.0
2025-02-26,42921499.0,45208281264.0,1045.0,1060.0,1045.0,1060.0,5.0,75535.0
2025-02-27,61646900.0,64595715596.0,1065.0,1065.0,1040.0,1040.0,-20.0,121377.0
2025-03-03,73279419.0,74076141634.0,1000.0,1020.0,1000.0,1020.0,-20.0,208673.0
2025-03-04,70879417.0,71031410815.0,996.0,1010.0,996.0,1000.0,-20.0,184239.0
2025-03-05,45086222.0,46126315408.0,1020.0,1030.0,1015.0,1020.0,20.0,63259.0
2025-03-06,49318590.0,49937586396.0,1020.0,1025.0,1005.0,1005.0,-15.0,99898.0
2025-03-07,50358724.0,50550677397.0,1005.0,1010.0,1000.0,1005.0,0.0,95905.0
2025-03-10,55410836.0,55278923810.0,1005.0,1005.0,992.0,998.0,-7.0,189791.0
2025-03-11,58764791.0,57064143987.0,969.0,979.0,963.0,971.0,-27.0,323403.0
2025-03-12,38527201.0,37951553847.0,980.0,995.0,976.0,988.0,17.0,132537.0
2025-03-13,42915696.0,42199819801.0,1000.0,1005.0,965.0,965.0,-23.0,192169.0
2025-03-14,42394920.0,40803705615.0,965.0,969.0,955.0,959.0,-6.0,163735.0
2025-03-17,35012870.0,34177107575.0,977.0,985.0,968.0,970.0,11.0,77808.0
2025-03-18,25716157.0,24986151171.0,976.0,978.0,968.0,971.0,0.0,64687.0
2025-03-19,43493556.0,41620146409.0,965.0,967.0,950.0,952.0,-19.0,234877.0
2025-03-20,31993556.0,31303215198.0,978.0,985.0,971.0,985.0,33.0,61507.0
2025-03-21,46869716.0,45683124466.0,985.0,987.0,970.0,972.0,-13.0,63137.0
2025-03-24,16866075.0,16480791636.0,986.0,987.0,972.0,972.0,0.0,37815.0
2025-03-25,28306040.0,28011143558.0,989.0,995.0,985.0,990.0,18.0,58257.0
2025-03-26,25939071.0,25540092915.0,995.0,995.0,980.0,980.0,-10.0,41985.0
2025-03-27,44589770.0,42834147980.0,961.0,964.0,958.0,958.0,-22.0,170110.0
2025-03-28,37802947.0,35917004376.0,946.0,955.0,946.0,952.0,-6.0,135642.0
2025-03-31,59733510.0,54820217557.0,920.0,924.0,910.0,910.0,-42.0,301446.0
2025-04-01,33673400.0,31491275577.0,929.0,946.0,925.0,944.0,34.0,73772.0
2025-04-02,28201820.0,26641223575.0,949.0,952.0,938.0,942.0,-2.0,61150.0
2025-04-07,37652704.0,32012146992.0,848.0,848.0,848.0,848.0,-94.0,219438.0
2025-04-08,136580582.0,111279830476.0,797.0,843.0,797.0,816.0,-32.0,425666.0
2025-04-09,122044966.0,97865587721.0,809.0,826.0,780.0,785.0,-31.0,518687.0
2025-04-10,28397160.0,24506749080.0,863.0,863.0,863.0,863.0,78.0,32126.0
2025-04-11,81264878.0,70338979303.0,848.0,889.0,836.0,889.0,26.0,188545.0
2025-04-14,72625129.0,64302226102.0,895.0,903.0,865.0,865.0,-24.0,243019.0
2025-04-15,35642588.0,31178394103.0,874.0,879.0,865.0,877.0,12.0,66577.0
2025-04-16,47199014.0,40541996319.0,867.0,869.0,852.0,855.0,-22.0,178095.0
2025-04-17,36449601.0,30955774323.0,849.0,856.0,842.0,847.0,-8.0,104874.0
2025-04-18,23249139.0,19831869687.0,853.0,858.0,850.0,850.0,3.0,68176.0
2025-04-21,20672773.0,17304529560.0,844.0,847.0,832.0,835.0,-15.0,104189.0
2025-04-22,32057642.0,26346742317.0,826.0,829.0,816.0,816.0,-19.0,133084.0
2025-04-23,40685613.0,34980602995.0,853.0,873.0,848.0,873.0,57.0,78430.0
2025-04-24,34499991.0,30099254355.0,886.0,886.0,859.0,864.0,-9.0,60744.0
2025-04-25,39651775.0,35411585995.0,900.0,901.0,886.0,888.0,24.0,76758.0
2025-04-28,25396543.0,22758357535.0,898.0,898.0,893.0,897.0,9.0,43185.0
2025-04-29,31146996.0,27990673396.0,897.0,902.0,893.0,902.0,5.0,45912.0
2025-04-30,39204833.0,35471028626.0,901.0,908.0,899.0,908.0,6.0,46388.0
2025-05-02,48129292.0,45206565214.0,938.0,950.0,932.0,950.0,42.0,99509.0
2025-05-05,56516129.0,53055259965.0,956.0,957.0,923.0,938.0,-12.0,93285.0
2025-05-06,43358708.0,40011158770.0,916.0,930.0,916.0,920.0,-18.0,74918.0
2025-05-07,39021595.0,36011806469.0,925.0,932.0,911.0,928.0,8.0,50267.0
2025-05-08,30777988.0,28602519292.0,933.0,939.0,918.0,918.0,-10.0,39133.0
2025-05-09,40878730.0,38557125038.0,938.0,949.0,934.0,949.0,31.0,68630.0
2025-05-12,25668469.0,24554284001.0,954.0,962.0,952.0,957.0,8.0,44647.0
2025-05-13,50960522.0,49747284080.0,990.0,990.0,969.0,969.0,12.0,72252.0
2025-05-14,55061671.0,54697821594.0,990.0,999.0,988.0,999.0,30.0,105868.0
2025-05-15,28518212.0,28422046465.0,1000.0,1000.0,993.0,993.0,-6.0,50265.0
2025-05-16,18079325.0,17966857712.0,991.0,998.0,989.0,998.0,5.0,36183.0
2025-05-19,21936885.0,21653317847.0,993.0,994.0,980.0,984.0,-14.0,68821.0
2025-05-20,24317788.0,23922516474.0,991.0,994.0,978.0,978.0,-6.0,46215.0
2025-05-21,27677478.0,27418826043.0,986.0,999.0,983.0,990.0,12.0,47842.0
2025-05-22,19671417.0,19321581490.0,988.0,988.0,979.0,982.0,-8.0,41571.0
2025-05-23,23744132.0,23343468899.0,993.0,993.0,975.0,984.0,2.0,46204.0
2025-05-26,20906797.0,20460682166.0,975.0,984.0,975.0,976.0,-8.0,31349.0
2025-05-27,29843876.0,28842510221.0,971.0,975.0,961.0,965.0,-11.0,86318.0
2025-05-28,31929816.0,31118692765.0,984.0,985.0,967.0,967.0,2.0,37776.0
2025-05-29,64850290.0,62982593605.0,986.0,986.0,967.0,967.0,0.0,36958.0
2025-06-02,40608468.0,38643155297.0,958.0,961.0,946.0,946.0,-21.0,125245.0
2025-06-03,27482916.0,26302041072.0,960.0,965.0,950.0,950.0,4.0,43550.0
2025-06-04,43196396.0,42419360833.0,974.0,990.0,970.0,990.0,40.0,73539.0
2025-06-05,27047750.0,26936792104.0,1000.0,1000.0,991.0,998.0,8.0,51309.0
2025-06-06,18797346.0,18688985614.0,997.0,997.0,991.0,995.0,-3.0,27283.0
2025-06-09,23952041.0,24100014375.0,1005.0,1010.0,1000.0,1005.0,10.0,56903.0
2025-06-10,55353908.0,57406744645.0,1025.0,1050.0,1020.0,1045.0,40.0,138656.0
2025-06-11,46137188.0,48960267029.0,1065.0,1070.0,1055.0,1065.0,20.0,75830.0
2025-06-12,28661875.0,30064888046.0,1055.0,1060.0,1045.0,1045.0,0.0,40293.0
2025-06-13,31371948.0,32434779823.0,1040.0,1040.0,1025.0,1030.0,-15.0,40938.0
2025-06-16,31257555.0,31982385770.0,1030.0,1030.0,1015.0,1025.0,-5.0,38583.0
2025-06-17,30890431.0,32183667155.0,1040.0,1050.0,1035.0,1045.0,20.0,30757.0
2025-06-18,41740374.0,43722320684.0,1040.0,1055.0,1030.0,1055.0,10.0,45620.0
2025-06-19,25354905.0,26287507815.0,1045.0,1045.0,1030.0,1035.0,-20.0,31893.0
2025-06-20,67241164.0,70461692958.0,1030.0,1055.0,1025.0,1055.0,20.0,33114.0
2025-06-23,33543038.0,34292190910.0,1025.0,1030.0,1015.0,1020.0,-35.0,56849.0
2025-06-24,30105394.0,31487543196.0,1045.0,1050.0,1040.0,1050.0,30.0,33323.0
2025-06-25,44519173.0,47370306720.0,1060.0,1070.0,1055.0,1070.0,20.0,75075.0
2025-06-26,39534708.0,42448279645.0,1075.0,1080.0,1065.0,1075.0,5.0,50326.0
2025-06-27,34877892.0,37353695324.0,1070.0,1080.0,1060.0,1080.0,5.0,38535.0
2025-06-30,35763093.0,38268458555.0,1075.0,1080.0,1060.0,1060.0,-20.0,39464.0
2025-07-01,52818889.0,57235426744.0,1080.0,1095.0,1075.0,1085.0,25.0,68934.0
2025-07-02,24453697.0,26349711755.0,1075.0,1085.0,1070.0,1085.0,0.0,26005.0
2025-07-03,39719503.0,43590599965.0,1105.0,1105.0,1090.0,1090.0,5.0,52136.0
2025-07-04,23556842.0,25635862115.0,1095.0,1100.0,1080.0,1085.0,-5.0,33003.0
2025-07-07,19949311.0,21467492525.0,1080.0,1085.0,1070.0,1080.0,-5.0,29161.0
2025-07-08,29944918.0,32081882384.0,1070.0,1080.0,1065.0,1080.0,0.0,37874.0
2025-07-09,25899845.0,27998741278.0,1070.0,1090.0,1065.0,1090.0,10.0,30492.0
2025-07-10,23947482.0,26242095552.0,1095.0,1100.0,1090.0,1100.0,10.0,34427.0
2025-07-11,30615792.0,33607768195.0,1095.0,1100.0,1090.0,1100.0,0.0,30851.0
2025-07-14,29975913.0,32777573059.0,1100.0,1100.0,1085.0,1095.0,-5.0,29965.0
2025-07-15,49458466.0,54619049312.0,1095.0,1115.0,1090.0,1110.0,15.0,62368.0
2025-07-16,34513639.0,38866594123.0,1120.0,1130.0,1120.0,1130.0,20.0,65168.0
2025-07-17,36971364.0,41632558135.0,1130.0,1135.0,1115.0,1130.0,0.0,41463.0
2025-07-18,50467755.0,58221053093.0,1155.0,1160.0,1145.0,1155.0,25.0,70457.0
2025-07-21,32374260.0,37068540960.0,1145.0,1150.0,1135.0,1150.0,-5.0,39350.0
2025-07-22,54933274.0,62867010181.0,1145.0,1160.0,1130.0,1130.0,-20.0,59679.0
2025-07-23,31360184.0,35765717715.0,1140.0,1145.0,1135.0,1145.0,15.0,32586.0
2025-07-24,16038287.0,18400221444.0,1150.0,1155.0,1145.0,1145.0,0.0,19186.0
2025-07-25,23026843.0,26418536660.0,1150.0,1155.0,1140.0,1145.0,0.0,25178.0
2025-07-28,23153187.0,26593770396.0,1155.0,1160.0,1145.0,1145.0,0.0,24043.0
2025-07-29,41471548.0,47077846101.0,1145.0,1145.0,1125.0,1135.0,-10.0,43297.0
2025-07-30,37445435.0,43115792626.0,1150.0,1160.0,1145.0,1155.0,20.0,42479.0
2025-07-31,35986507.0,41712508468.0,1160.0,1165.0,1155.0,1160.0,5.0,50361.0
2025-08-01,45352225.0,51714816380.0,1145.0,1150.0,1130.0,1140.0,-20.0,76135.0
2025-08-04,25256974.0,28532556011.0,1130.0,1135.0,1125.0,1135.0,-5.0,47206.0
2025-08-05,20695955.0,23713307116.0,1145.0,1150.0,1140.0,1150.0,15.0,24124.0
2025-08-06,24015506.0,27066744255.0,1130.0,1135.0,1125.0,1125.0,-25.0,55936.0
2025-08-07,64965686.0,76081290909.0,1160.0,1180.0,1155.0,1180.0,55.0,98335.0
2025-08-08,27434505.0,32303933490.0,1180.0,1185.0,1170.0,1175.0,-5.0,43558.0
2025-08-11,37435809.0,44247026887.0,1170.0,1195.0,1165.0,1180.0,5.0,53135.0
2025-08-12,30137118.0,35563421901.0,1180.0,1190.0,1170.0,1180.0,0.0,37189.0
2025-08-13,39708109.0,47367251520.0,1185.0,1200.0,1185.0,1200.0,20.0,58632.0
2025-08-14,35269337.0,41625421848.0,1185.0,1190.0,1175.0,1175.0,-25.0,55678.0
2025-08-15,23577178.0,27782518177.0,1175.0,1185.0,1170.0,1180.0,5.0,31039.0
2025-08-18,21182611.0,24952978606.0,1170.0,1185.0,1170.0,1180.0,0.0,29158.0
2025-08-19,22439999.0,26543054769.0,1180.0,1185.0,1175.0,1185.0,5.0,19138.0
2025-08-20,73148689.0,84039496961.0,1165.0,1165.0,1135.0,1135.0,-50.0,201335.0
2025-08-21,25030476.0,28695638720.0,1140.0,1155.0,1140.0,1150.0,15.0,39170.0
2025-08-22,20220071.0,23147345045.0,1155.0,1155.0,1135.0,1135.0,-15.0,37292.0
2025-08-25,27470807.0,32159334115.0,1165.0,1180.0,1160.0,1170.0,35.0,38754.0
2025-08-26,39495275.0,46349348727.0,1165.0,1185.0,1160.0,1175.0,5.0,25751.0
2025-08-27,23824689.0,28276839838.0,1190.0,1190.0,1180.0,1190.0,15.0,30477.0
2025-08-28,20960787.0,24563005745.0,1185.0,1185.0,1160.0,1160.0,-30.0,36728.0
2025-08-29,21820054.0,25485864558.0,1180.0,1185.0,1160.0,1160.0,0.0,25658.0
2025-09-01,23022319.0,26647241918.0,1150.0,1165.0,1145.0,1165.0,5.0,41416.0
2025-09-02,14994018.0,17436038175.0,1170.0,1175.0,1155.0,1160.0,-5.0,24784.0
2025-09-03,20211322.0,23350634915.0,1155.0,1160.0,1145.0,1160.0,0.0,29992.0
2025-09-04,25311450.0,29560102956.0,1170.0,1175.0,1160.0,1160.0,0.0,22577.0
2025-09-05,27931124.0,32835192457.0,1175.0,1180.0,1170.0,1180.0,20.0,24609.0
2025-09-08,28393035.0,33731539720.0,1195.0,1195.0,1180.0,1180.0,0.0,35672.0
2025-09-09,35720097.0,42775822699.0,1195.0,1200.0,1190.0,1200.0,20.0,46420.0
2025-09-10,43516678.0,53209559355.0,1220.0,1230.0,1215.0,1225.0,25.0,82407.0
2025-09-11,34811140.0,43495621610.0,1255.0,1260.0,1235.0,1240.0,15.0,68103.0
2025-09-12,28224895.0,35417505350.0,1255.0,1260.0,1250.0,1260.0,20.0,49823.0
2025-09-15,26019117.0,32646870966.0,1260.0,1260.0,1250.0,1255.0,-5.0,34329.0
2025-09-16,42279997.0,53953521005.0,1265.0,1285.0,1260.0,1280.0,0.0,69019.0
2025-09-17,32019276.0,40619705144.0,1270.0,1275.0,1265.0,1265.0,-15.0,43783.0
2025-09-18,26442220.0,33782903646.0,1275.0,1285.0,1265.0,1285.0,20.0,32050.0
2025-09-19,48894096.0,62155805270.0,1285.0,1290.0,1265.0,1265.0,-20.0,45216.0
2025-09-22,30411595.0,39134679853.0,1270.0,1295.0,1270.0,1295.0,30.0,45424.0
2025-09-23,37523254.0,49887403390.0,1320.0,1340.0,1315.0,1340.0,45.0,84161.0
2025-09-24,47820358.0,64029838375.0,1350.0,1355.0,1325.0,1340.0,0.0,86987.0
2025-09-25,27800815.0,36807736035.0,1320.0,1330.0,1320.0,1320.0,-20.0,51802.0
2025-09-26,29378983.0,38254039082.0,1310.0,1315.0,1295.0,1300.0,-20.0,103337.0
2025-09-30,44853467.0,58790965499.0,1310.0,1320.0,1305.0,1305.0,5.0,44278.0
2025-10-01,36184828.0,48288398204.0,1325.0,1350.0,1325.0,1325.0,20.0,47879.0
2025-10-02,32693509.0,44593995225.0,1360.0,1370.0,1355.0,1365.0,40.0,61282.0
2025-10-03,34379158.0,47632272752.0,1365.0,1400.0,1365.0,1400.0,35.0,72813.0
2025-10-07,42424519.0,60729023099.0,1420.0,1445.0,1420.0,1435.0,35.0,93554.0
2025-10-08,27708676.0,39151506624.0,1410.0,1420.0,1405.0,1415.0,-20.0,89683.0
2025-10-09,42507551.0,61324929553.0,1440.0,1455.0,1430.0,1440.0,25.0,76865.0
2025-10-13,60321869.0,84889085424.0,1390.0,1420.0,1390.0,1415.0,-25.0,196489.0
2025-10-14,44821332.0,64625249986.0,1455.0,1460.0,1420.0,1425.0,10.0,95057.0
2025-10-15,45432176.0,65812420573.0,1435.0,1465.0,1425.0,1465.0,40.0,64888.0
2025-10-16,42490828.0,62810575702.0,1465.0,1495.0,1465.0,1485.0,20.0,85709.0
2025-10-17,43864962.0,63869792469.0,1455.0,1465.0,1450.0,1450.0,-35.0,145330.0
2025-10-20,34972122.0,51667454455.0,1460.0,1495.0,1455.0,1480.0,30.0,58105.0
2025-10-21,37067269.0,55189404010.0,1485.0,1500.0,1480.0,1480.0,0.0,72080.0
2025-10-22,30679057.0,44813844075.0,1460.0,1470.0,1455.0,1460.0,-20.0,118929.0
2025-10-23,26134949.0,37826608364.0,1440.0,1455.0,1435.0,1450.0,-10.0,76976.0
2025-10-27,36024098.0,53691483433.0,1500.0,1500.0,1480.0,1480.0,30.0,55954.0
2025-10-28,35135504.0,51949405737.0,1480.0,1490.0,1470.0,1475.0,-5.0,61044.0
2025-10-29,32775105.0,49265956549.0,1495.0,1515.0,1490.0,1505.0,30.0,62605.0
2025-10-30,30058497.0,45379071459.0,1515.0,1520.0,1500.0,1505.0,0.0,62893.0
2025-10-31,33838761.0,51073519270.0,1515.0,1525.0,1500.0,1500.0,-5.0,45696.0
2025-11-03,30913479.0,46512471060.0,1510.0,1520.0,1490.0,1510.0,10.0,71467.0
2025-11-04,35922791.0,54169421541.0,1520.0,1525.0,1495.0,1505.0,-5.0,70678.0
2025-11-05,63423241.0,93109323845.0,1480.0,1485.0,1455.0,1460.0,-45.0,248089.0
2025-11-06,29955147.0,44104541986.0,1470.0,1480.0,1465.0,1465.0,5.0,74015.0
2025-11-07,23551721.0,34382089105.0,1460.0,1465.0,1455.0,1460.0,-5.0,78941.0
2025-11-10,26579263.0,39203254959.0,1470.0,1485.0,1465.0,1475.0,15.0,44799.0
2025-11-11,24857058.0,36769705255.0,1490.0,1495.0,1465.0,1465.0,-10.0,67666.0
2025-11-12,25998385.0,38344962465.0,1470.0,1485.0,1460.0,1475.0,10.0,38420.0
2025-11-13,23920639.0,35016372835.0,1460.0,1470.0,1460.0,1460.0,-15.0,73841.0
2025-11-14,32778804.0,46933830385.0,1425.0,1440.0,1425.0,1430.0,-30.0,216630.0
2025-11-17,34872653.0,50497384300.0,1450.0,1460.0,1445.0,1445.0,15.0,52588.0
2025-11-18,49856799.0,70572614780.0,1435.0,1435.0,1405.0,1405.0,-40.0,272962.0
2025-11-19,42661060.0,59869558425.0,1400.0,1415.0,1395.0,1395.0,-10.0,109706.0
2025-11-20,28295025.0,41079763730.0,1450.0,1460.0,1440.0,1455.0,60.0,54456.0
2025-11-21,64673494.0,90158936045.0,1395.0,1405.0,1385.0,1385.0,-70.0,347100.0
2025-11-24,88861648.0,122824394320.0,1400.0,1405.0,1375.0,1375.0,-10.0,142090.0
2025-11-25,31006765.0,43841816781.0,1425.0,1425.0,1405.0,1415.0,40.0,50628.0
2025-11-26,31659935.0,45354786526.0,1430.0,1440.0,1425.0,1440.0,25.0,47642.0
2025-11-27,24202285.0,34888318204.0,1450.0,1455.0,1430.0,1435.0,-5.0,47132.0
2025-11-28,26130506.0,37773913469.0,1440.0,1455.0,1435.0,1440.0,5.0,38594.0
2025-12-01,33722188.0,47998505254.0,1445.0,1445.0,1410.0,1410.0,-30.0,102798.0
2025-12-02,27923064.0,39916596995.0,1430.0,1440.0,1420.0,1430.0,20.0,34886.0
2025-12-03,25462840.0,36775822053.0,1440.0,1450.0,1435.0,1450.0,20.0,32546.0
2025-12-04,21934952.0,31600541870.0,1445.0,1450.0,1430.0,1445.0,-5.0,44721.0
2025-12-05,22539737.0,32677962256.0,1445.0,1460.0,1440.0,1460.0,15.0,35327.0
2025-12-08,27405663.0,40634878504.0,1465.0,1495.0,1460.0,1495.0,35.0,65198.0
2025-12-09,27555343.0,40931363559.0,1495.0,1500.0,1480.0,1480.0,-15.0,47501.0
2025-12-10,26387641.0,39493603134.0,1490.0,1505.0,1485.0,1505.0,25.0,53469.0
2025-12-11,31820417.0,47234941277.0,1510.0,1515.0,1465.0,1470.0,0.0,107208.0
2025-12-12,24025183.0,35489107425.0,1475.0,1485.0,1470.0,1480.0,10.0,41662.0
2025-12-15,28160888.0,40860472555.0,1450.0,1455.0,1445.0,1450.0,-30.0,92871.0
2025-12-16,36751412.0,52683827934.0,1435.0,1445.0,1425.0,1435.0,-15.0,151564.0
2025-12-17,33103549.0,47488282612.0,1435.0,1445.0,1425.0,1430.0,-5.0,81434.0
2025-12-18,33103697.0,47179906765.0,1420.0,1435.0,1415.0,1430.0,0.0,74330.0
2025-12-19,42614140.0,61256957568.0,1455.0,1455.0,1430.0,1430.0,0.0,46795.0
2025-12-22,23919483.0,34974497115.0,1465.0,1470.0,1455.0,1465.0,35.0,38482.0
2025-12-23,22337117.0,33151333901.0,1475.0,1490.0,1470.0,1490.0,25.0,50811.0
2025-12-24,13707427.0,20441056275.0,1495.0,1500.0,1485.0,1495.0,5.0,35055.0
2025-12-26,20806344.0,31326715665.0,1505.0,1510.0,1495.0,1510.0,15.0,57478.0
2025-12-29,24010398.0,36576386420.0,1515.0,1530.0,1510.0,1530.0,20.0,68156.0
2025-12-30,21819219.0,33198645416.0,1515.0,1530.0,1510.0,1520.0,-10.0,44833.0
2025-12-31,31389568.0,48402721875.0,1520.0,1550.0,1515.0,1550.0,30.0,60286.0
